_id,index,availableCount,timeoutStartedAt,timedOutAt,queuedPlayerIds,playerIds,gameId,treatmentId,batchId,lobbyConfigId,createdAt
kTdARJS6BQKSH5YkW,0,2,2024-05-20T17:05:07Z,,"7xHGHmp79DMkJ933F,7uc6KirfaLkCwWtZW,XG7Xqmr7Ry3pFDctX,ZnF7JteoRKz9xsJjT,pgMgqLmjKiD7TTPKG,f8Pcerdu4Qj55Yew4,FiEgFffvxrikipsC7,b2BZS5YTS7YwzFWPx,sL4PfezM2X6mGy3P5,6X3WYo7amffBshnb5,R9aD2TxMFAPM9KDKj,Md5AafcF9zKCQh7sw,sqJDpiHxXoBQGHTtL,F3TgEKTrHAeNQRYhC","XG7Xqmr7Ry3pFDctX,F3TgEKTrHAeNQRYhC",kTdARJS6BQKSH5YkW,bFMGuS7DGjPd3RXeY,fMczDoj5RPqXkGfWk,v8rMbSLgPKtP553Ex,2024-05-20T17:01:01Z
thQjeggqeanREQ6F7,0,2,2024-05-20T17:05:28Z,,"7xHGHmp79DMkJ933F,7uc6KirfaLkCwWtZW,ZnF7JteoRKz9xsJjT,pgMgqLmjKiD7TTPKG,f8Pcerdu4Qj55Yew4,FiEgFffvxrikipsC7,b2BZS5YTS7YwzFWPx,sL4PfezM2X6mGy3P5,6X3WYo7amffBshnb5,R9aD2TxMFAPM9KDKj,Md5AafcF9zKCQh7sw,sqJDpiHxXoBQGHTtL","ZnF7JteoRKz9xsJjT,7uc6KirfaLkCwWtZW",thQjeggqeanREQ6F7,bFMGuS7DGjPd3RXeY,iWKvmRRubwBdSWENZ,v8rMbSLgPKtP553Ex,2024-05-20T17:01:03Z
iHS7hTGpsg3bCPXvF,0,2,2024-05-20T17:06:00Z,,"7xHGHmp79DMkJ933F,pgMgqLmjKiD7TTPKG,f8Pcerdu4Qj55Yew4,FiEgFffvxrikipsC7,b2BZS5YTS7YwzFWPx,sL4PfezM2X6mGy3P5,6X3WYo7amffBshnb5,R9aD2TxMFAPM9KDKj,Md5AafcF9zKCQh7sw,sqJDpiHxXoBQGHTtL","Md5AafcF9zKCQh7sw,R9aD2TxMFAPM9KDKj",iHS7hTGpsg3bCPXvF,bFMGuS7DGjPd3RXeY,zgJBiL9wHqieXgQ88,v8rMbSLgPKtP553Ex,2024-05-20T17:01:03Z
PGQzAWoLzqYS9soap,0,2,2024-05-20T17:06:45Z,,"7xHGHmp79DMkJ933F,pgMgqLmjKiD7TTPKG,f8Pcerdu4Qj55Yew4,FiEgFffvxrikipsC7,b2BZS5YTS7YwzFWPx,sL4PfezM2X6mGy3P5,6X3WYo7amffBshnb5,sqJDpiHxXoBQGHTtL","sL4PfezM2X6mGy3P5,pgMgqLmjKiD7TTPKG",PGQzAWoLzqYS9soap,bFMGuS7DGjPd3RXeY,yyDD9ZPKg2f4dWT6L,v8rMbSLgPKtP553Ex,2024-05-20T17:01:04Z
NwuRNfDwCmA7P3YyG,0,2,2024-05-20T17:07:25Z,,"7xHGHmp79DMkJ933F,f8Pcerdu4Qj55Yew4,FiEgFffvxrikipsC7,b2BZS5YTS7YwzFWPx,6X3WYo7amffBshnb5,sqJDpiHxXoBQGHTtL","b2BZS5YTS7YwzFWPx,f8Pcerdu4Qj55Yew4",NwuRNfDwCmA7P3YyG,bFMGuS7DGjPd3RXeY,H4ugPK2J77MQtEiuA,v8rMbSLgPKtP553Ex,2024-05-20T17:01:05Z
uKGckEJSrLnBCzZHA,0,2,2024-05-20T17:08:20Z,,"7xHGHmp79DMkJ933F,FiEgFffvxrikipsC7,6X3WYo7amffBshnb5,sqJDpiHxXoBQGHTtL","6X3WYo7amffBshnb5,sqJDpiHxXoBQGHTtL",uKGckEJSrLnBCzZHA,bFMGuS7DGjPd3RXeY,S9azEX5cGrkqntFKR,v8rMbSLgPKtP553Ex,2024-05-20T17:01:05Z
pqiRYp96hDRJj73g7,0,2,2024-05-20T17:08:53Z,,"7xHGHmp79DMkJ933F,FiEgFffvxrikipsC7,9ngveZubiTLRMwkWA,MPfxMjFnMJLJXyWSA","FiEgFffvxrikipsC7,9ngveZubiTLRMwkWA",pqiRYp96hDRJj73g7,bFMGuS7DGjPd3RXeY,GawJut7Gm8LeEHj5s,v8rMbSLgPKtP553Ex,2024-05-20T17:01:06Z
PzPjHc5yE8EgPT6AJ,0,2,2024-05-20T17:11:56Z,,"7xHGHmp79DMkJ933F,MPfxMjFnMJLJXyWSA,8Gd4X575jPi3Y8Xyx,S4rgzXeB4LvTsuCbR","MPfxMjFnMJLJXyWSA,S4rgzXeB4LvTsuCbR",PzPjHc5yE8EgPT6AJ,bFMGuS7DGjPd3RXeY,KwBq9ti8hhKWDH247,v8rMbSLgPKtP553Ex,2024-05-20T17:01:07Z
5EjqwQ7zx4aQz3qNQ,0,2,2024-05-20T17:13:30Z,,"7xHGHmp79DMkJ933F,8Gd4X575jPi3Y8Xyx,vvNtoKH6A5sShTpk2","8Gd4X575jPi3Y8Xyx,vvNtoKH6A5sShTpk2",5EjqwQ7zx4aQz3qNQ,bFMGuS7DGjPd3RXeY,8PPC65aNJnwTGF4zq,v8rMbSLgPKtP553Ex,2024-05-20T17:01:19Z
tBmyYsACpdCx7bocE,0,2,,,7xHGHmp79DMkJ933F,,,bFMGuS7DGjPd3RXeY,fQo7KpMNC7nppLtt7,v8rMbSLgPKtP553Ex,2024-05-20T17:01:19Z
5cKRpPhAT74tXCdyw,0,2,,,7xHGHmp79DMkJ933F,,,bFMGuS7DGjPd3RXeY,qjgwMWNfqJ5Z5z75X,v8rMbSLgPKtP553Ex,2024-05-20T17:01:20Z
oQG8GcMNaK6N777fq,0,2,,,7xHGHmp79DMkJ933F,,,bFMGuS7DGjPd3RXeY,bipCNrr4ZYLzbsWf6,v8rMbSLgPKtP553Ex,2024-05-20T17:01:20Z
h3A5tCdv3B6e9D8Nw,0,2,,,WgE53EnqD7sDSiBsE,,,wNufjG5xqGRuSvru4,q2GxDnJKFgerezx3W,v8rMbSLgPKtP553Ex,2024-05-20T17:45:34Z
Cs62iBoaGk5zTFhEn,0,2,,,WgE53EnqD7sDSiBsE,,,wNufjG5xqGRuSvru4,cKkMWbMazXPNBBp9N,v8rMbSLgPKtP553Ex,2024-05-20T17:45:35Z
72hEbLCSReZQvMGNk,0,2,,,WgE53EnqD7sDSiBsE,,,wNufjG5xqGRuSvru4,edeLgnApRx7rQKtuo,v8rMbSLgPKtP553Ex,2024-05-20T17:45:36Z
GetPp6EoLbmsJQaZG,0,2,,,WgE53EnqD7sDSiBsE,,,wNufjG5xqGRuSvru4,nwS2jPptLjYEeyYzQ,v8rMbSLgPKtP553Ex,2024-05-20T17:45:36Z
g4XwnwJFksNKiAkzA,0,2,2024-05-20T18:28:14Z,,"WgE53EnqD7sDSiBsE,issPYSgHLPWJXuXjF,QgT9chNQSd96SpLMv","issPYSgHLPWJXuXjF,QgT9chNQSd96SpLMv",g4XwnwJFksNKiAkzA,wNufjG5xqGRuSvru4,PB95K5dsDcrmLTFpe,v8rMbSLgPKtP553Ex,2024-05-20T17:45:36Z
93RaJrq9xdAK6LgpN,0,2,2024-05-20T18:01:38Z,,"WgE53EnqD7sDSiBsE,pdoJBcKbgtNfJQBdb,bGMjcokAeyD5jo5hw","bGMjcokAeyD5jo5hw,pdoJBcKbgtNfJQBdb",93RaJrq9xdAK6LgpN,wNufjG5xqGRuSvru4,ThqK6zye3H5EvXFMa,v8rMbSLgPKtP553Ex,2024-05-20T17:45:36Z
9iTH7DbiJkNLcYByG,0,2,2024-05-20T17:56:58Z,,"WgE53EnqD7sDSiBsE,Nc5gj5iN7ptJPCTJ4,an7zPKK4n8YMKWEH8","Nc5gj5iN7ptJPCTJ4,an7zPKK4n8YMKWEH8",9iTH7DbiJkNLcYByG,wNufjG5xqGRuSvru4,PQktGkyidrQQomCBH,v8rMbSLgPKtP553Ex,2024-05-20T17:45:36Z
mZLC32EXmaK43MLuH,0,2,2024-05-20T17:51:11Z,,"5LcEiauGLWfxzXKJc,WgE53EnqD7sDSiBsE,hM9ioupiMgAzk3obX","hM9ioupiMgAzk3obX,5LcEiauGLWfxzXKJc",mZLC32EXmaK43MLuH,wNufjG5xqGRuSvru4,qx3eCtED9SYudhm3P,v8rMbSLgPKtP553Ex,2024-05-20T17:45:37Z
ynwh3dewPkoWB4YXQ,0,2,2024-05-20T17:50:30Z,,"5LcEiauGLWfxzXKJc,WgE53EnqD7sDSiBsE,rEGZtYwQBiFQLPDn4,TTM9fBcDRjTDydeNK,hM9ioupiMgAzk3obX","rEGZtYwQBiFQLPDn4,TTM9fBcDRjTDydeNK",ynwh3dewPkoWB4YXQ,wNufjG5xqGRuSvru4,SfgLdozdFYjsn6i3B,v8rMbSLgPKtP553Ex,2024-05-20T17:45:37Z
Nwz9Kdwh3whBPm9qa,0,2,2024-05-20T17:50:26Z,,"5LcEiauGLWfxzXKJc,WgE53EnqD7sDSiBsE,rEGZtYwQBiFQLPDn4,TTM9fBcDRjTDydeNK,hM9ioupiMgAzk3obX,RheSCoheduonR6Qug,HLpbtojLoHvYFh9HW","RheSCoheduonR6Qug,HLpbtojLoHvYFh9HW",Nwz9Kdwh3whBPm9qa,wNufjG5xqGRuSvru4,j8u6fvmjiuY6tsoeo,v8rMbSLgPKtP553Ex,2024-05-20T17:45:37Z
jb55FJwhTMbeRPD4v,0,2,2024-05-20T17:50:18Z,,"5LcEiauGLWfxzXKJc,EP8D9xM3EkxYjow9D,WgE53EnqD7sDSiBsE,rEGZtYwQBiFQLPDn4,LS3RnhoGth6eFEyWR,TTM9fBcDRjTDydeNK,hM9ioupiMgAzk3obX,RheSCoheduonR6Qug,HLpbtojLoHvYFh9HW","LS3RnhoGth6eFEyWR,EP8D9xM3EkxYjow9D",jb55FJwhTMbeRPD4v,wNufjG5xqGRuSvru4,5qRFx8bse6anESDsZ,v8rMbSLgPKtP553Ex,2024-05-20T17:45:37Z
xPm8Fe2NDczt9dc7a,0,2,2024-05-20T17:49:25Z,,"rZvQaFEpHAFdPv374,5LcEiauGLWfxzXKJc,EP8D9xM3EkxYjow9D,WgE53EnqD7sDSiBsE,r9o7q3cJxcmuFfFkz,rEGZtYwQBiFQLPDn4,LS3RnhoGth6eFEyWR,TTM9fBcDRjTDydeNK,hM9ioupiMgAzk3obX","rZvQaFEpHAFdPv374,r9o7q3cJxcmuFfFkz",xPm8Fe2NDczt9dc7a,wNufjG5xqGRuSvru4,pKBkmioE7pXoxERgx,v8rMbSLgPKtP553Ex,2024-05-20T17:45:37Z
ag3QxJxWE7jQi9Kt2,0,2,2024-05-20T17:49:10Z,,"nRnwQAx2dL2AmY2ha,rZvQaFEpHAFdPv374,5LcEiauGLWfxzXKJc,EP8D9xM3EkxYjow9D,A7rkFB5425JNvixjT,WgE53EnqD7sDSiBsE,r9o7q3cJxcmuFfFkz,rEGZtYwQBiFQLPDn4,LS3RnhoGth6eFEyWR,TTM9fBcDRjTDydeNK,hM9ioupiMgAzk3obX","A7rkFB5425JNvixjT,nRnwQAx2dL2AmY2ha",ag3QxJxWE7jQi9Kt2,wNufjG5xqGRuSvru4,S3H95SN6qTTgYwhhN,v8rMbSLgPKtP553Ex,2024-05-20T17:45:38Z
z5pgSX3aBjLoWr3Lf,0,2,2024-05-20T17:46:29Z,,"nRnwQAx2dL2AmY2ha,jcRRr32KNymJmknfv,rZvQaFEpHAFdPv374,5LcEiauGLWfxzXKJc,EP8D9xM3EkxYjow9D,PyEZDESN6Tzsc4v6C,A7rkFB5425JNvixjT,WgE53EnqD7sDSiBsE,r9o7q3cJxcmuFfFkz,rEGZtYwQBiFQLPDn4","jcRRr32KNymJmknfv,PyEZDESN6Tzsc4v6C",z5pgSX3aBjLoWr3Lf,wNufjG5xqGRuSvru4,WxE9paRod3YehGBMX,v8rMbSLgPKtP553Ex,2024-05-20T17:45:38Z
wRyrxQPdv5DWY96ge,0,2,,,,,,wNufjG5xqGRuSvru4,hiPss3mG7xvb22afF,v8rMbSLgPKtP553Ex,2024-05-20T19:39:45Z
PdqLmN2XsxN95cFp5,0,2,2024-05-20T20:29:46Z,2024-05-20T20:34:46Z,"AEYdAyZN49dAKQFjA,9d363FngXkJjvkdfS",9d363FngXkJjvkdfS,,wNufjG5xqGRuSvru4,vtsYcHFoAAK6dGdRZ,v8rMbSLgPKtP553Ex,2024-05-20T19:39:48Z
Dq2LB9YQdPetsKt2h,0,2,2024-05-20T19:52:45Z,2024-05-20T19:57:45Z,"cnBAZb6CF6ihsgTCZ,AAHyZbhFmo8W8DHsz",AAHyZbhFmo8W8DHsz,,wNufjG5xqGRuSvru4,n5MLxdFAXvW7oiJbF,v8rMbSLgPKtP553Ex,2024-05-20T19:39:48Z
RqP4575vkHwBNMg2A,0,2,2024-05-20T19:47:32Z,,"CRKw8zmqcQkouYmev,cnBAZb6CF6ihsgTCZ,LFfvW87kABt9sEmfa,AAHyZbhFmo8W8DHsz","CRKw8zmqcQkouYmev,LFfvW87kABt9sEmfa",RqP4575vkHwBNMg2A,wNufjG5xqGRuSvru4,qBF7wSyeHhZ9PfumL,v8rMbSLgPKtP553Ex,2024-05-20T19:39:49Z
ZAFi7PZCtuiKzztgr,0,2,2024-05-20T19:47:23Z,,"CRKw8zmqcQkouYmev,cnBAZb6CF6ihsgTCZ,Kbe4nYG7dFjfb2ggm,HxYRa7df5mhiCWGj9,LFfvW87kABt9sEmfa","HxYRa7df5mhiCWGj9,Kbe4nYG7dFjfb2ggm",ZAFi7PZCtuiKzztgr,wNufjG5xqGRuSvru4,TmegdoBr3AZGQZLYm,v8rMbSLgPKtP553Ex,2024-05-20T19:39:49Z
LsW5JPTe9LskYwWSg,0,2,2024-05-20T19:47:07Z,,"CRKw8zmqcQkouYmev,cnBAZb6CF6ihsgTCZ,FbZrE7teP3JLRm5hF,Kbe4nYG7dFjfb2ggm,HxYRa7df5mhiCWGj9,EdmEXDKEWcvzGTvZX,LFfvW87kABt9sEmfa","FbZrE7teP3JLRm5hF,EdmEXDKEWcvzGTvZX",LsW5JPTe9LskYwWSg,wNufjG5xqGRuSvru4,Z2z4Zd6kAFXmoq6Hs,v8rMbSLgPKtP553Ex,2024-05-20T19:39:49Z
peyoWPLTZfL6c9obR,0,2,2024-05-20T19:46:30Z,,"CRKw8zmqcQkouYmev,cnBAZb6CF6ihsgTCZ,FbZrE7teP3JLRm5hF,Kbe4nYG7dFjfb2ggm,tFsAJnCz6HRj9W7pu,HxYRa7df5mhiCWGj9,sz64HESnxBcoHwDSN,EdmEXDKEWcvzGTvZX","tFsAJnCz6HRj9W7pu,sz64HESnxBcoHwDSN",peyoWPLTZfL6c9obR,wNufjG5xqGRuSvru4,GeSFH5KpKeLupytQw,v8rMbSLgPKtP553Ex,2024-05-20T19:39:49Z
LGQujHF2eWSoAdWnG,0,2,2024-05-20T19:45:54Z,,"CRKw8zmqcQkouYmev,cnBAZb6CF6ihsgTCZ,vuzgZNTkRkC8TLBB5,FbZrE7teP3JLRm5hF,Kbe4nYG7dFjfb2ggm,3mbrH8RbZC79f4KuR,tFsAJnCz6HRj9W7pu,HxYRa7df5mhiCWGj9,sz64HESnxBcoHwDSN,EdmEXDKEWcvzGTvZX","3mbrH8RbZC79f4KuR,vuzgZNTkRkC8TLBB5",LGQujHF2eWSoAdWnG,wNufjG5xqGRuSvru4,2GX6A6YkyNWDK8Bbe,v8rMbSLgPKtP553Ex,2024-05-20T19:39:50Z
JEtLBLcGEgxbPPNNQ,0,2,2024-05-20T19:45:34Z,,"CRKw8zmqcQkouYmev,cnBAZb6CF6ihsgTCZ,vuzgZNTkRkC8TLBB5,FbZrE7teP3JLRm5hF,ZLaiZhLNkbkcNhYCt,Kbe4nYG7dFjfb2ggm,3mbrH8RbZC79f4KuR,tFsAJnCz6HRj9W7pu,9DovxXP2vm6s8DzMu,HxYRa7df5mhiCWGj9,sz64HESnxBcoHwDSN,EdmEXDKEWcvzGTvZX","9DovxXP2vm6s8DzMu,ZLaiZhLNkbkcNhYCt",JEtLBLcGEgxbPPNNQ,wNufjG5xqGRuSvru4,CHuw9GqkbupLGnZoe,v8rMbSLgPKtP553Ex,2024-05-20T19:39:50Z
WfgnpjDf7q5KrA9ee,0,2,2024-05-20T19:44:58Z,,"CRKw8zmqcQkouYmev,cnBAZb6CF6ihsgTCZ,vuzgZNTkRkC8TLBB5,FbZrE7teP3JLRm5hF,k5Jqvatzptc8TyyJR,ZLaiZhLNkbkcNhYCt,Kbe4nYG7dFjfb2ggm,3mbrH8RbZC79f4KuR,tFsAJnCz6HRj9W7pu,gz8jtqbopw9Rh2bCh,9DovxXP2vm6s8DzMu,HxYRa7df5mhiCWGj9,sz64HESnxBcoHwDSN","k5Jqvatzptc8TyyJR,gz8jtqbopw9Rh2bCh",WfgnpjDf7q5KrA9ee,wNufjG5xqGRuSvru4,rqxtTMrW6HhGhezTQ,v8rMbSLgPKtP553Ex,2024-05-20T19:39:50Z
rinxbXsNTbYTLQurw,0,2,2024-05-20T19:44:31Z,,"CRKw8zmqcQkouYmev,cnBAZb6CF6ihsgTCZ,vuzgZNTkRkC8TLBB5,FbZrE7teP3JLRm5hF,k5Jqvatzptc8TyyJR,Weytk5fTW7BXvbwCj,8YLNbPSLt4qhfsHwt,ZLaiZhLNkbkcNhYCt,Kbe4nYG7dFjfb2ggm,3mbrH8RbZC79f4KuR,tFsAJnCz6HRj9W7pu,gz8jtqbopw9Rh2bCh,9DovxXP2vm6s8DzMu,HxYRa7df5mhiCWGj9,sz64HESnxBcoHwDSN","Weytk5fTW7BXvbwCj,8YLNbPSLt4qhfsHwt",rinxbXsNTbYTLQurw,wNufjG5xqGRuSvru4,Cuv46TMruZ6efH2ca,v8rMbSLgPKtP553Ex,2024-05-20T19:39:50Z
WHfXReRM4iGqmRBoj,0,2,2024-05-20T19:44:14Z,,"dpyA83ptSemmJdn5h,CRKw8zmqcQkouYmev,cnBAZb6CF6ihsgTCZ,ccjsRa5FgqypN8uGN,vuzgZNTkRkC8TLBB5,FbZrE7teP3JLRm5hF,k5Jqvatzptc8TyyJR,Weytk5fTW7BXvbwCj,8YLNbPSLt4qhfsHwt,ZLaiZhLNkbkcNhYCt,Kbe4nYG7dFjfb2ggm,3mbrH8RbZC79f4KuR,tFsAJnCz6HRj9W7pu,gz8jtqbopw9Rh2bCh,9DovxXP2vm6s8DzMu,HxYRa7df5mhiCWGj9,sz64HESnxBcoHwDSN","dpyA83ptSemmJdn5h,ccjsRa5FgqypN8uGN",WHfXReRM4iGqmRBoj,wNufjG5xqGRuSvru4,eYFRrw9huAbRZuPga,v8rMbSLgPKtP553Ex,2024-05-20T19:39:51Z
terDhBuaRpzJ9rGFR,0,2,2024-05-20T19:44:04Z,,"dpyA83ptSemmJdn5h,CRKw8zmqcQkouYmev,cnBAZb6CF6ihsgTCZ,ccjsRa5FgqypN8uGN,vuzgZNTkRkC8TLBB5,AB5qZiuC62xHnk9N2,yqLQCGYzANw7bF4cM,FbZrE7teP3JLRm5hF,k5Jqvatzptc8TyyJR,Weytk5fTW7BXvbwCj,8YLNbPSLt4qhfsHwt,ZLaiZhLNkbkcNhYCt,Kbe4nYG7dFjfb2ggm,3mbrH8RbZC79f4KuR,tFsAJnCz6HRj9W7pu,gz8jtqbopw9Rh2bCh","yqLQCGYzANw7bF4cM,AB5qZiuC62xHnk9N2",terDhBuaRpzJ9rGFR,wNufjG5xqGRuSvru4,u2HzyiF4fdW3QddAM,v8rMbSLgPKtP553Ex,2024-05-20T19:39:51Z
68qAYMArWSGW4EWdr,0,2,2024-05-20T19:43:45Z,,"dpyA83ptSemmJdn5h,CRKw8zmqcQkouYmev,XcubzDfJk8Z6F2STy,cnBAZb6CF6ihsgTCZ,ccjsRa5FgqypN8uGN,vuzgZNTkRkC8TLBB5,AB5qZiuC62xHnk9N2,8D2frePJsRf8ABCdv,yqLQCGYzANw7bF4cM,FbZrE7teP3JLRm5hF,k5Jqvatzptc8TyyJR,Weytk5fTW7BXvbwCj,8YLNbPSLt4qhfsHwt,ZLaiZhLNkbkcNhYCt,Kbe4nYG7dFjfb2ggm,3mbrH8RbZC79f4KuR,CaWtYK8uNiEFDPkze","8D2frePJsRf8ABCdv,XcubzDfJk8Z6F2STy",68qAYMArWSGW4EWdr,wNufjG5xqGRuSvru4,d5xHfZmirSH5q7f3F,v8rMbSLgPKtP553Ex,2024-05-20T19:39:51Z
bYiMsFg5xkYrB8D6x,0,2,2024-05-20T19:43:37Z,,"M2dGCLajwN5n3rMNH,dpyA83ptSemmJdn5h,CRKw8zmqcQkouYmev,XcubzDfJk8Z6F2STy,cnBAZb6CF6ihsgTCZ,ccjsRa5FgqypN8uGN,vuzgZNTkRkC8TLBB5,vcmpRgaTKnPS4tvfS,AB5qZiuC62xHnk9N2,8D2frePJsRf8ABCdv,yqLQCGYzANw7bF4cM,FbZrE7teP3JLRm5hF,k5Jqvatzptc8TyyJR,Weytk5fTW7BXvbwCj,8YLNbPSLt4qhfsHwt","M2dGCLajwN5n3rMNH,vcmpRgaTKnPS4tvfS",bYiMsFg5xkYrB8D6x,wNufjG5xqGRuSvru4,sDstuJcMMNpmuWteE,v8rMbSLgPKtP553Ex,2024-05-20T19:39:54Z
vHsNBCwvi7MZLCoQQ,0,2,2024-05-20T19:43:28Z,,"M2dGCLajwN5n3rMNH,dpyA83ptSemmJdn5h,CRKw8zmqcQkouYmev,XcubzDfJk8Z6F2STy,cnBAZb6CF6ihsgTCZ,ccjsRa5FgqypN8uGN,CEiy3QR7wYLiNMDD7,vuzgZNTkRkC8TLBB5,vcmpRgaTKnPS4tvfS,AB5qZiuC62xHnk9N2,8D2frePJsRf8ABCdv,oWgqTBzRRdz8t7pvY,yqLQCGYzANw7bF4cM,FbZrE7teP3JLRm5hF,k5Jqvatzptc8TyyJR,Weytk5fTW7BXvbwCj,8YLNbPSLt4qhfsHwt","oWgqTBzRRdz8t7pvY,CEiy3QR7wYLiNMDD7",vHsNBCwvi7MZLCoQQ,wNufjG5xqGRuSvru4,5dXJwkcj2gah9nWXM,v8rMbSLgPKtP553Ex,2024-05-20T19:39:55Z
DDxpgoPaSpE4epkNw,0,2,2024-05-20T19:43:19Z,,"M2dGCLajwN5n3rMNH,9RD4tnNR3LLcj5BZi,dpyA83ptSemmJdn5h,CRKw8zmqcQkouYmev,XcubzDfJk8Z6F2STy,cnBAZb6CF6ihsgTCZ,ccjsRa5FgqypN8uGN,CEiy3QR7wYLiNMDD7,vuzgZNTkRkC8TLBB5,vcmpRgaTKnPS4tvfS,AB5qZiuC62xHnk9N2,8D2frePJsRf8ABCdv,oWgqTBzRRdz8t7pvY,yqLQCGYzANw7bF4cM,FbZrE7teP3JLRm5hF,k5Jqvatzptc8TyyJR,ZGqnnaehHJN7pyLWL,Weytk5fTW7BXvbwCj,Qy9jkJcbK9tANodT3","ZGqnnaehHJN7pyLWL,9RD4tnNR3LLcj5BZi",DDxpgoPaSpE4epkNw,wNufjG5xqGRuSvru4,5MZ8q2aZy3PJJmMqN,v8rMbSLgPKtP553Ex,2024-05-20T19:39:55Z
FNruRE4e8iuPRuw7v,0,2,2024-05-20T19:43:13Z,,"M2dGCLajwN5n3rMNH,9RD4tnNR3LLcj5BZi,dpyA83ptSemmJdn5h,CRKw8zmqcQkouYmev,XcubzDfJk8Z6F2STy,cnBAZb6CF6ihsgTCZ,qPGfNuBLGoWDMpqCn,ccjsRa5FgqypN8uGN,CEiy3QR7wYLiNMDD7,vuzgZNTkRkC8TLBB5,vcmpRgaTKnPS4tvfS,AB5qZiuC62xHnk9N2,8D2frePJsRf8ABCdv,oWgqTBzRRdz8t7pvY,yqLQCGYzANw7bF4cM,FbZrE7teP3JLRm5hF,ARAxzf5coEnZmFzgw,k5Jqvatzptc8TyyJR,ZGqnnaehHJN7pyLWL,Weytk5fTW7BXvbwCj","ARAxzf5coEnZmFzgw,qPGfNuBLGoWDMpqCn",FNruRE4e8iuPRuw7v,wNufjG5xqGRuSvru4,x3y6LkpC9kG3fETPL,v8rMbSLgPKtP553Ex,2024-05-20T19:39:55Z
vCxomnTFQeQpKggrB,0,2,2024-05-20T19:43:11Z,,"M2dGCLajwN5n3rMNH,9RD4tnNR3LLcj5BZi,bh5TTn5yiGF9j7WGz,iQCLdJAJ4M9gRstR2,dpyA83ptSemmJdn5h,CRKw8zmqcQkouYmev,XcubzDfJk8Z6F2STy,cnBAZb6CF6ihsgTCZ,qPGfNuBLGoWDMpqCn,ccjsRa5FgqypN8uGN,CEiy3QR7wYLiNMDD7,vuzgZNTkRkC8TLBB5,vcmpRgaTKnPS4tvfS,AB5qZiuC62xHnk9N2,8D2frePJsRf8ABCdv,oWgqTBzRRdz8t7pvY,yqLQCGYzANw7bF4cM,FbZrE7teP3JLRm5hF,ARAxzf5coEnZmFzgw,k5Jqvatzptc8TyyJR,ZGqnnaehHJN7pyLWL,Weytk5fTW7BXvbwCj","bh5TTn5yiGF9j7WGz,iQCLdJAJ4M9gRstR2",vCxomnTFQeQpKggrB,wNufjG5xqGRuSvru4,vqemREmJ73YpKNB7P,v8rMbSLgPKtP553Ex,2024-05-20T19:39:55Z
AEhMZa52dPNtTYj5a,0,2,2024-05-20T19:43:05Z,,"xGzT2ZB4MYS2mEn5c,M2dGCLajwN5n3rMNH,bSvSxcEvKRbegLjcq,9RD4tnNR3LLcj5BZi,bh5TTn5yiGF9j7WGz,iQCLdJAJ4M9gRstR2,dpyA83ptSemmJdn5h,CRKw8zmqcQkouYmev,XcubzDfJk8Z6F2STy,cnBAZb6CF6ihsgTCZ,qPGfNuBLGoWDMpqCn,ccjsRa5FgqypN8uGN,CEiy3QR7wYLiNMDD7,vuzgZNTkRkC8TLBB5,vcmpRgaTKnPS4tvfS,AB5qZiuC62xHnk9N2,8D2frePJsRf8ABCdv,oWgqTBzRRdz8t7pvY,yqLQCGYzANw7bF4cM,FbZrE7teP3JLRm5hF,ARAxzf5coEnZmFzgw,k5Jqvatzptc8TyyJR,ZGqnnaehHJN7pyLWL,Weytk5fTW7BXvbwCj","xGzT2ZB4MYS2mEn5c,bSvSxcEvKRbegLjcq",AEhMZa52dPNtTYj5a,wNufjG5xqGRuSvru4,A26ftu7A854WSThvj,v8rMbSLgPKtP553Ex,2024-05-20T19:39:55Z
2MMNSk7qQ7aKj83Cw,0,2,2024-05-20T19:43:00Z,,"xGzT2ZB4MYS2mEn5c,M2dGCLajwN5n3rMNH,bSvSxcEvKRbegLjcq,9RD4tnNR3LLcj5BZi,bh5TTn5yiGF9j7WGz,iQCLdJAJ4M9gRstR2,dpyA83ptSemmJdn5h,CRKw8zmqcQkouYmev,TyMvmGYsWYcnekPHH,XcubzDfJk8Z6F2STy,cnBAZb6CF6ihsgTCZ,qPGfNuBLGoWDMpqCn,ccjsRa5FgqypN8uGN,CEiy3QR7wYLiNMDD7,vuzgZNTkRkC8TLBB5,vcmpRgaTKnPS4tvfS,AB5qZiuC62xHnk9N2,8D2frePJsRf8ABCdv,oWgqTBzRRdz8t7pvY,8x3sqwPAun2TtYjMg,yqLQCGYzANw7bF4cM,FbZrE7teP3JLRm5hF,ARAxzf5coEnZmFzgw,k5Jqvatzptc8TyyJR,ZGqnnaehHJN7pyLWL,Weytk5fTW7BXvbwCj","8x3sqwPAun2TtYjMg,TyMvmGYsWYcnekPHH",2MMNSk7qQ7aKj83Cw,wNufjG5xqGRuSvru4,db6EcGep2SJkn2csJ,v8rMbSLgPKtP553Ex,2024-05-20T19:39:56Z
c364MgjBHq558Ef6G,0,2,2024-05-20T19:42:49Z,,"xGzT2ZB4MYS2mEn5c,M2dGCLajwN5n3rMNH,bSvSxcEvKRbegLjcq,9RD4tnNR3LLcj5BZi,bh5TTn5yiGF9j7WGz,iQCLdJAJ4M9gRstR2,dpyA83ptSemmJdn5h,CRKw8zmqcQkouYmev,TyMvmGYsWYcnekPHH,XcubzDfJk8Z6F2STy,cnBAZb6CF6ihsgTCZ,RC2dGBcMmsRMfnTvs,qPGfNuBLGoWDMpqCn,ccjsRa5FgqypN8uGN,CEiy3QR7wYLiNMDD7,vuzgZNTkRkC8TLBB5,vcmpRgaTKnPS4tvfS,AB5qZiuC62xHnk9N2,8D2frePJsRf8ABCdv,oWgqTBzRRdz8t7pvY,kkczPhC2FFEf98LB7,8x3sqwPAun2TtYjMg,yqLQCGYzANw7bF4cM,FbZrE7teP3JLRm5hF,ARAxzf5coEnZmFzgw,k5Jqvatzptc8TyyJR,ZGqnnaehHJN7pyLWL,Weytk5fTW7BXvbwCj","kkczPhC2FFEf98LB7,RC2dGBcMmsRMfnTvs",c364MgjBHq558Ef6G,wNufjG5xqGRuSvru4,stijtbCF7PZn88PzQ,v8rMbSLgPKtP553Ex,2024-05-20T19:39:56Z
m94EsrT254mXGhBqn,0,2,2024-05-20T19:42:42Z,,"xGzT2ZB4MYS2mEn5c,jvzE5HHATpQamwbtK,M2dGCLajwN5n3rMNH,bSvSxcEvKRbegLjcq,9RD4tnNR3LLcj5BZi,bh5TTn5yiGF9j7WGz,iQCLdJAJ4M9gRstR2,dpyA83ptSemmJdn5h,CRKw8zmqcQkouYmev,TyMvmGYsWYcnekPHH,XcubzDfJk8Z6F2STy,cnBAZb6CF6ihsgTCZ,RC2dGBcMmsRMfnTvs,qPGfNuBLGoWDMpqCn,ccjsRa5FgqypN8uGN,CEiy3QR7wYLiNMDD7,vuzgZNTkRkC8TLBB5,vcmpRgaTKnPS4tvfS,AB5qZiuC62xHnk9N2,8D2frePJsRf8ABCdv,oWgqTBzRRdz8t7pvY,kkczPhC2FFEf98LB7,8x3sqwPAun2TtYjMg,yqLQCGYzANw7bF4cM,FbZrE7teP3JLRm5hF,ARAxzf5coEnZmFzgw,k5Jqvatzptc8TyyJR,ZGqnnaehHJN7pyLWL,orZw37FqMzZ4XYTTp,Weytk5fTW7BXvbwCj","jvzE5HHATpQamwbtK,orZw37FqMzZ4XYTTp",m94EsrT254mXGhBqn,wNufjG5xqGRuSvru4,sindq4ZYyT6akGB5K,v8rMbSLgPKtP553Ex,2024-05-20T19:39:56Z
zCCjTMmMmtsnkjGFQ,0,2,2024-05-20T19:42:35Z,,"xGzT2ZB4MYS2mEn5c,jvzE5HHATpQamwbtK,DXKTGminqErN4AMmN,M2dGCLajwN5n3rMNH,bSvSxcEvKRbegLjcq,9RD4tnNR3LLcj5BZi,bh5TTn5yiGF9j7WGz,iQCLdJAJ4M9gRstR2,dpyA83ptSemmJdn5h,CRKw8zmqcQkouYmev,TyMvmGYsWYcnekPHH,XcubzDfJk8Z6F2STy,6c46G8EXMv6EKfFDS,cnBAZb6CF6ihsgTCZ,RC2dGBcMmsRMfnTvs,qPGfNuBLGoWDMpqCn,ccjsRa5FgqypN8uGN,CEiy3QR7wYLiNMDD7,vuzgZNTkRkC8TLBB5,vcmpRgaTKnPS4tvfS,AB5qZiuC62xHnk9N2,8D2frePJsRf8ABCdv,oWgqTBzRRdz8t7pvY,kkczPhC2FFEf98LB7,8x3sqwPAun2TtYjMg,yqLQCGYzANw7bF4cM,FbZrE7teP3JLRm5hF,ARAxzf5coEnZmFzgw,k5Jqvatzptc8TyyJR,ZGqnnaehHJN7pyLWL,orZw37FqMzZ4XYTTp,Weytk5fTW7BXvbwCj","6c46G8EXMv6EKfFDS,DXKTGminqErN4AMmN",zCCjTMmMmtsnkjGFQ,wNufjG5xqGRuSvru4,CzpqE9sYwdyyi8vW6,v8rMbSLgPKtP553Ex,2024-05-20T19:39:57Z
NBKg6JoEa5hdzb3mv,0,2,2024-05-20T19:42:07Z,,"xGzT2ZB4MYS2mEn5c,jvzE5HHATpQamwbtK,DXKTGminqErN4AMmN,rFxkypzd4uKZnAa3R,M2dGCLajwN5n3rMNH,bSvSxcEvKRbegLjcq,9RD4tnNR3LLcj5BZi,bh5TTn5yiGF9j7WGz,iQCLdJAJ4M9gRstR2,Payx2mw85NonymMCc,dpyA83ptSemmJdn5h,CRKw8zmqcQkouYmev,TyMvmGYsWYcnekPHH,XcubzDfJk8Z6F2STy,6c46G8EXMv6EKfFDS,cnBAZb6CF6ihsgTCZ,RC2dGBcMmsRMfnTvs,qPGfNuBLGoWDMpqCn,ccjsRa5FgqypN8uGN,CEiy3QR7wYLiNMDD7,vuzgZNTkRkC8TLBB5,vcmpRgaTKnPS4tvfS,AB5qZiuC62xHnk9N2,8D2frePJsRf8ABCdv,oWgqTBzRRdz8t7pvY,kkczPhC2FFEf98LB7,8x3sqwPAun2TtYjMg,yqLQCGYzANw7bF4cM,FbZrE7teP3JLRm5hF,ARAxzf5coEnZmFzgw,k5Jqvatzptc8TyyJR,ZGqnnaehHJN7pyLWL,orZw37FqMzZ4XYTTp","Payx2mw85NonymMCc,rFxkypzd4uKZnAa3R",NBKg6JoEa5hdzb3mv,wNufjG5xqGRuSvru4,erksyh5nC8EcXXMyi,v8rMbSLgPKtP553Ex,2024-05-20T19:39:57Z
8XPxZWS6czFo42Grb,0,2,2024-05-20T19:41:49Z,,"xGzT2ZB4MYS2mEn5c,jvzE5HHATpQamwbtK,DXKTGminqErN4AMmN,RA85AYD6zjT2tE9kJ,rFxkypzd4uKZnAa3R,M2dGCLajwN5n3rMNH,bSvSxcEvKRbegLjcq,9RD4tnNR3LLcj5BZi,bh5TTn5yiGF9j7WGz,iQCLdJAJ4M9gRstR2,Payx2mw85NonymMCc,dpyA83ptSemmJdn5h,CRKw8zmqcQkouYmev,TyMvmGYsWYcnekPHH,XcubzDfJk8Z6F2STy,6c46G8EXMv6EKfFDS,cnBAZb6CF6ihsgTCZ,RC2dGBcMmsRMfnTvs,qPGfNuBLGoWDMpqCn,ccjsRa5FgqypN8uGN,CEiy3QR7wYLiNMDD7,vuzgZNTkRkC8TLBB5,vcmpRgaTKnPS4tvfS,AB5qZiuC62xHnk9N2,8D2frePJsRf8ABCdv,oWgqTBzRRdz8t7pvY,AdqnhwuxCr3tkzCJt,kkczPhC2FFEf98LB7,8x3sqwPAun2TtYjMg","RA85AYD6zjT2tE9kJ,AdqnhwuxCr3tkzCJt",8XPxZWS6czFo42Grb,wNufjG5xqGRuSvru4,TWxMTxtyHgatwiyL4,v8rMbSLgPKtP553Ex,2024-05-20T19:39:57Z
nRBdrBezCYrJLxFTm,0,2,,,,,,wNufjG5xqGRuSvru4,du3hS6T96mG8MsC5X,v8rMbSLgPKtP553Ex,2024-05-20T19:49:34Z
MmGXZ4y2ZdZ9GgZfb,0,2,,,,,,bFMGuS7DGjPd3RXeY,ucaDARZKFmKqGnT6B,v8rMbSLgPKtP553Ex,2024-05-20T20:43:55Z
YLCsaQeDMfqtMzy2r,0,2,,,,,,bFMGuS7DGjPd3RXeY,xN8yL9YZEtaJgmnks,v8rMbSLgPKtP553Ex,2024-05-20T20:43:57Z
65n7Jma3DbnN8vsjb,0,2,,,,,,bFMGuS7DGjPd3RXeY,eSzFYZsLYZPHJ8EiC,v8rMbSLgPKtP553Ex,2024-05-20T20:43:58Z
LteMKuFtYMugjDZik,0,2,2024-05-20T21:26:09Z,2024-05-20T21:31:09Z,sbwpeXBA6ea5LDuFQ,sbwpeXBA6ea5LDuFQ,,bFMGuS7DGjPd3RXeY,AADodatzzuvrdbwsF,v8rMbSLgPKtP553Ex,2024-05-20T20:43:58Z
g3tQk2pmMZhFF8WPr,0,2,2024-05-20T21:08:49Z,2024-05-20T21:13:50Z,"gCWrGQL4NNzkp4K6h,mah4hvgKLgp5WWk2w",mah4hvgKLgp5WWk2w,,bFMGuS7DGjPd3RXeY,AAQ8Zc7MP2dXDcfmm,v8rMbSLgPKtP553Ex,2024-05-20T20:43:58Z
Wg7v5hn67X4jzjJBA,0,2,2024-05-20T21:02:07Z,,"JpbbzTqCCptzqdBYG,gCWrGQL4NNzkp4K6h,mah4hvgKLgp5WWk2w,YfMTT5N4iCKXQMuAH","JpbbzTqCCptzqdBYG,YfMTT5N4iCKXQMuAH",Wg7v5hn67X4jzjJBA,bFMGuS7DGjPd3RXeY,PxZ8FpwjQWh4dXnju,v8rMbSLgPKtP553Ex,2024-05-20T20:43:58Z
jWNKyeh24TSWseG9d,0,2,2024-05-20T20:56:37Z,,"JpbbzTqCCptzqdBYG,gCWrGQL4NNzkp4K6h,8BFW7GDgBbEBJ4h9s,qRT9AGtF7R7w8WqGB,mah4hvgKLgp5WWk2w","qRT9AGtF7R7w8WqGB,8BFW7GDgBbEBJ4h9s",jWNKyeh24TSWseG9d,bFMGuS7DGjPd3RXeY,qFXyNr7JjFWkg8Ycu,v8rMbSLgPKtP553Ex,2024-05-20T20:43:58Z
X3KmNsi6bBapge7Br,0,2,2024-05-20T20:54:01Z,,"JpbbzTqCCptzqdBYG,gCWrGQL4NNzkp4K6h,8BFW7GDgBbEBJ4h9s,9vutZRRFNSwXyGTZJ,wafa4oRWKt6DYZdk6,qRT9AGtF7R7w8WqGB","9vutZRRFNSwXyGTZJ,wafa4oRWKt6DYZdk6",X3KmNsi6bBapge7Br,bFMGuS7DGjPd3RXeY,T9JJNrJswjRXHRSkm,v8rMbSLgPKtP553Ex,2024-05-20T20:43:58Z
at5BEB2LcLiC36iEC,0,2,2024-05-20T20:53:34Z,,"JpbbzTqCCptzqdBYG,gCWrGQL4NNzkp4K6h,8BFW7GDgBbEBJ4h9s,9vutZRRFNSwXyGTZJ,5s74KJrdgSS9EGLi5,GPHocRDvfhJhg29uw,wafa4oRWKt6DYZdk6","GPHocRDvfhJhg29uw,5s74KJrdgSS9EGLi5",at5BEB2LcLiC36iEC,bFMGuS7DGjPd3RXeY,JeLq6mfGGNFH76TKE,v8rMbSLgPKtP553Ex,2024-05-20T20:43:59Z
yFb3yMkGsibfY5Y5F,0,2,2024-05-20T20:53:20Z,,"JpbbzTqCCptzqdBYG,gCWrGQL4NNzkp4K6h,8BFW7GDgBbEBJ4h9s,9vutZRRFNSwXyGTZJ,5s74KJrdgSS9EGLi5,GPHocRDvfhJhg29uw,292z4KqbdzG5wDMKh,wafa4oRWKt6DYZdk6,jptnpA3iBsg3JDzBF","jptnpA3iBsg3JDzBF,292z4KqbdzG5wDMKh",yFb3yMkGsibfY5Y5F,bFMGuS7DGjPd3RXeY,qkLBGTWcczYX2Skhx,v8rMbSLgPKtP553Ex,2024-05-20T20:43:59Z
MTB6C4iPAXecrg3cT,0,2,2024-05-20T20:52:27Z,,"JpbbzTqCCptzqdBYG,gCWrGQL4NNzkp4K6h,8BFW7GDgBbEBJ4h9s,9vutZRRFNSwXyGTZJ,o3WW7RaxqZmCS4p5f,5s74KJrdgSS9EGLi5,GPHocRDvfhJhg29uw,292z4KqbdzG5wDMKh,n5weRzQLnsjScJim5,wafa4oRWKt6DYZdk6","n5weRzQLnsjScJim5,o3WW7RaxqZmCS4p5f",MTB6C4iPAXecrg3cT,bFMGuS7DGjPd3RXeY,EP5PzYFLT3hehDozB,v8rMbSLgPKtP553Ex,2024-05-20T20:43:59Z
jcZtEDfrQbS3QasCe,0,2,2024-05-20T20:51:45Z,,"JpbbzTqCCptzqdBYG,gCWrGQL4NNzkp4K6h,xLAFL4eH3phRrFBYv,8BFW7GDgBbEBJ4h9s,9vutZRRFNSwXyGTZJ,o3WW7RaxqZmCS4p5f,5s74KJrdgSS9EGLi5,GPHocRDvfhJhg29uw,NRs9EXKd4txn9TnMc,292z4KqbdzG5wDMKh,n5weRzQLnsjScJim5,wafa4oRWKt6DYZdk6","NRs9EXKd4txn9TnMc,xLAFL4eH3phRrFBYv",jcZtEDfrQbS3QasCe,bFMGuS7DGjPd3RXeY,cawbMB6f54CgqSPL2,v8rMbSLgPKtP553Ex,2024-05-20T20:43:59Z
Zhm6YPus4yFf4wytJ,0,2,2024-05-20T20:49:32Z,,"cjBRZAJYq45GuTidB,JpbbzTqCCptzqdBYG,gCWrGQL4NNzkp4K6h,xLAFL4eH3phRrFBYv,8BFW7GDgBbEBJ4h9s,T42sfjMdHdFEgSzFm,9vutZRRFNSwXyGTZJ,o3WW7RaxqZmCS4p5f,5s74KJrdgSS9EGLi5,GPHocRDvfhJhg29uw,NRs9EXKd4txn9TnMc,292z4KqbdzG5wDMKh,n5weRzQLnsjScJim5","T42sfjMdHdFEgSzFm,cjBRZAJYq45GuTidB",Zhm6YPus4yFf4wytJ,bFMGuS7DGjPd3RXeY,BYA57YmG7XPZydENr,v8rMbSLgPKtP553Ex,2024-05-20T20:43:59Z
7ThYqDrspgRKoc7KE,0,2,2024-05-20T20:49:12Z,,"36FHL5JoF7jzrcud8,cjBRZAJYq45GuTidB,JpbbzTqCCptzqdBYG,gCWrGQL4NNzkp4K6h,xLAFL4eH3phRrFBYv,8BFW7GDgBbEBJ4h9s,T42sfjMdHdFEgSzFm,JWpf9YRErjqrr48ik,9vutZRRFNSwXyGTZJ,o3WW7RaxqZmCS4p5f,5s74KJrdgSS9EGLi5,GPHocRDvfhJhg29uw,NRs9EXKd4txn9TnMc,292z4KqbdzG5wDMKh,n5weRzQLnsjScJim5","JWpf9YRErjqrr48ik,36FHL5JoF7jzrcud8",7ThYqDrspgRKoc7KE,bFMGuS7DGjPd3RXeY,p7XCwT7Nfaw8sBW2m,v8rMbSLgPKtP553Ex,2024-05-20T20:43:59Z
mCsebScrX73rJ5yp7,0,2,2024-05-20T20:49:03Z,,"36FHL5JoF7jzrcud8,cjBRZAJYq45GuTidB,xJdmHLDf2m4hcGEuD,4rdtCtv2wAGFnZ6u6,JpbbzTqCCptzqdBYG,gCWrGQL4NNzkp4K6h,xLAFL4eH3phRrFBYv,8BFW7GDgBbEBJ4h9s,T42sfjMdHdFEgSzFm,JWpf9YRErjqrr48ik,9vutZRRFNSwXyGTZJ,o3WW7RaxqZmCS4p5f,5s74KJrdgSS9EGLi5,GPHocRDvfhJhg29uw,NRs9EXKd4txn9TnMc","4rdtCtv2wAGFnZ6u6,xJdmHLDf2m4hcGEuD",mCsebScrX73rJ5yp7,bFMGuS7DGjPd3RXeY,2iu2D62PnSX9Xw2gG,v8rMbSLgPKtP553Ex,2024-05-20T20:43:59Z
hRH8JbvX84pp24sNY,0,2,2024-05-20T20:48:55Z,,"36FHL5JoF7jzrcud8,cjBRZAJYq45GuTidB,xJdmHLDf2m4hcGEuD,4rdtCtv2wAGFnZ6u6,JpbbzTqCCptzqdBYG,gCWrGQL4NNzkp4K6h,xLAFL4eH3phRrFBYv,Z4crx8fEFQjQLkan5,8BFW7GDgBbEBJ4h9s,T42sfjMdHdFEgSzFm,JWpf9YRErjqrr48ik,9vutZRRFNSwXyGTZJ,dkFNHJ7ooieZXFsqT,o3WW7RaxqZmCS4p5f,5s74KJrdgSS9EGLi5,GPHocRDvfhJhg29uw,NRs9EXKd4txn9TnMc","Z4crx8fEFQjQLkan5,dkFNHJ7ooieZXFsqT",hRH8JbvX84pp24sNY,bFMGuS7DGjPd3RXeY,bwEWfduDDewM2puDi,v8rMbSLgPKtP553Ex,2024-05-20T20:44:00Z
EMS7SAMbaEPbWHJX3,0,2,2024-05-20T20:48:42Z,,"36FHL5JoF7jzrcud8,4RmGXsq9mWASrydXH,cjBRZAJYq45GuTidB,xJdmHLDf2m4hcGEuD,4rdtCtv2wAGFnZ6u6,JpbbzTqCCptzqdBYG,gCWrGQL4NNzkp4K6h,xLAFL4eH3phRrFBYv,Z4crx8fEFQjQLkan5,8BFW7GDgBbEBJ4h9s,T42sfjMdHdFEgSzFm,JWpf9YRErjqrr48ik,9vutZRRFNSwXyGTZJ,F4DazHEnMTDZ7wKhZ,dkFNHJ7ooieZXFsqT,o3WW7RaxqZmCS4p5f,5s74KJrdgSS9EGLi5,GPHocRDvfhJhg29uw,NRs9EXKd4txn9TnMc","F4DazHEnMTDZ7wKhZ,4RmGXsq9mWASrydXH",EMS7SAMbaEPbWHJX3,bFMGuS7DGjPd3RXeY,mxYXgxz38EzoRDNSy,v8rMbSLgPKtP553Ex,2024-05-20T20:44:00Z
ZQBWqWhjjphDgHMkQ,0,2,2024-05-20T20:48:23Z,,"36FHL5JoF7jzrcud8,4RmGXsq9mWASrydXH,7JRDWt83nHuWtsiMz,cjBRZAJYq45GuTidB,xJdmHLDf2m4hcGEuD,4rdtCtv2wAGFnZ6u6,JpbbzTqCCptzqdBYG,gCWrGQL4NNzkp4K6h,GZcy7JhZQsBz2rpp8,xLAFL4eH3phRrFBYv,Z4crx8fEFQjQLkan5,8BFW7GDgBbEBJ4h9s,T42sfjMdHdFEgSzFm,JWpf9YRErjqrr48ik,9vutZRRFNSwXyGTZJ,F4DazHEnMTDZ7wKhZ,dkFNHJ7ooieZXFsqT,o3WW7RaxqZmCS4p5f,5s74KJrdgSS9EGLi5,GPHocRDvfhJhg29uw","GZcy7JhZQsBz2rpp8,7JRDWt83nHuWtsiMz",ZQBWqWhjjphDgHMkQ,bFMGuS7DGjPd3RXeY,xKCcNwp7hoH7iZeKM,v8rMbSLgPKtP553Ex,2024-05-20T20:44:00Z
MqBHvMz4B6sWppaHX,0,2,2024-05-20T20:48:02Z,,"36FHL5JoF7jzrcud8,rmyHYpxRibWkCCTAi,h94kHPD3f9TnErLxv,4RmGXsq9mWASrydXH,7JRDWt83nHuWtsiMz,cjBRZAJYq45GuTidB,xJdmHLDf2m4hcGEuD,4rdtCtv2wAGFnZ6u6,JpbbzTqCCptzqdBYG,gCWrGQL4NNzkp4K6h,GZcy7JhZQsBz2rpp8,xLAFL4eH3phRrFBYv,Z4crx8fEFQjQLkan5,8BFW7GDgBbEBJ4h9s,T42sfjMdHdFEgSzFm,JWpf9YRErjqrr48ik,9vutZRRFNSwXyGTZJ,F4DazHEnMTDZ7wKhZ,dkFNHJ7ooieZXFsqT,o3WW7RaxqZmCS4p5f,5s74KJrdgSS9EGLi5,GPHocRDvfhJhg29uw","rmyHYpxRibWkCCTAi,h94kHPD3f9TnErLxv",MqBHvMz4B6sWppaHX,bFMGuS7DGjPd3RXeY,AHcYyY4Wsi33yXEtg,v8rMbSLgPKtP553Ex,2024-05-20T20:44:00Z
LEGkPuxDmADY3qWwB,0,2,2024-05-20T20:47:41Z,,"36FHL5JoF7jzrcud8,rmyHYpxRibWkCCTAi,h94kHPD3f9TnErLxv,MYHAYj2fHyzJbFzas,d4xfHNJJXStne2aTA,4RmGXsq9mWASrydXH,7JRDWt83nHuWtsiMz,cjBRZAJYq45GuTidB,xJdmHLDf2m4hcGEuD,4rdtCtv2wAGFnZ6u6,JpbbzTqCCptzqdBYG,gCWrGQL4NNzkp4K6h,GZcy7JhZQsBz2rpp8,xLAFL4eH3phRrFBYv,Z4crx8fEFQjQLkan5,8BFW7GDgBbEBJ4h9s,T42sfjMdHdFEgSzFm,JWpf9YRErjqrr48ik,9vutZRRFNSwXyGTZJ,F4DazHEnMTDZ7wKhZ,dkFNHJ7ooieZXFsqT,o3WW7RaxqZmCS4p5f,5s74KJrdgSS9EGLi5","MYHAYj2fHyzJbFzas,d4xfHNJJXStne2aTA",LEGkPuxDmADY3qWwB,bFMGuS7DGjPd3RXeY,v4PxcBWZn4zdHZHqK,v8rMbSLgPKtP553Ex,2024-05-20T20:44:00Z
gzc5eWveeFAZMMq78,0,2,2024-05-20T20:47:29Z,,"rW5W4vrEguKr8EQTH,36FHL5JoF7jzrcud8,rmyHYpxRibWkCCTAi,h94kHPD3f9TnErLxv,MYHAYj2fHyzJbFzas,d4xfHNJJXStne2aTA,4RmGXsq9mWASrydXH,7JRDWt83nHuWtsiMz,cjBRZAJYq45GuTidB,xJdmHLDf2m4hcGEuD,4rdtCtv2wAGFnZ6u6,JpbbzTqCCptzqdBYG,gCWrGQL4NNzkp4K6h,GZcy7JhZQsBz2rpp8,xLAFL4eH3phRrFBYv,Z4crx8fEFQjQLkan5,pwQm3JFuo92vgrDPA,8BFW7GDgBbEBJ4h9s,T42sfjMdHdFEgSzFm,JWpf9YRErjqrr48ik,9vutZRRFNSwXyGTZJ,F4DazHEnMTDZ7wKhZ,dkFNHJ7ooieZXFsqT,o3WW7RaxqZmCS4p5f","rW5W4vrEguKr8EQTH,pwQm3JFuo92vgrDPA",gzc5eWveeFAZMMq78,bFMGuS7DGjPd3RXeY,aHJSwsHbMfZbYhew9,v8rMbSLgPKtP553Ex,2024-05-20T20:44:00Z
tRrYBQawnYqj4TWWL,0,2,2024-05-20T20:47:14Z,,"rW5W4vrEguKr8EQTH,36FHL5JoF7jzrcud8,rmyHYpxRibWkCCTAi,sJYThDJSj7Q63PuzY,h94kHPD3f9TnErLxv,2N5XPb9sFphCZ35ir,MYHAYj2fHyzJbFzas,d4xfHNJJXStne2aTA,4RmGXsq9mWASrydXH,7JRDWt83nHuWtsiMz,cjBRZAJYq45GuTidB,xJdmHLDf2m4hcGEuD,4rdtCtv2wAGFnZ6u6,JpbbzTqCCptzqdBYG,gCWrGQL4NNzkp4K6h,GZcy7JhZQsBz2rpp8,xLAFL4eH3phRrFBYv,Z4crx8fEFQjQLkan5,pwQm3JFuo92vgrDPA,8BFW7GDgBbEBJ4h9s,T42sfjMdHdFEgSzFm,JWpf9YRErjqrr48ik,9vutZRRFNSwXyGTZJ,F4DazHEnMTDZ7wKhZ,dkFNHJ7ooieZXFsqT,o3WW7RaxqZmCS4p5f","sJYThDJSj7Q63PuzY,2N5XPb9sFphCZ35ir",tRrYBQawnYqj4TWWL,bFMGuS7DGjPd3RXeY,rrddfHzDgkrNgYokj,v8rMbSLgPKtP553Ex,2024-05-20T20:44:01Z
kuHuHtcQzXF6LqM2n,0,2,2024-05-20T20:47:03Z,,"rW5W4vrEguKr8EQTH,36FHL5JoF7jzrcud8,rmyHYpxRibWkCCTAi,MDwvQRsnpdcm8gjiC,sJYThDJSj7Q63PuzY,h94kHPD3f9TnErLxv,jRGtYhXiWRHwfRNnn,2N5XPb9sFphCZ35ir,MYHAYj2fHyzJbFzas,d4xfHNJJXStne2aTA,4RmGXsq9mWASrydXH,7JRDWt83nHuWtsiMz,cjBRZAJYq45GuTidB,xJdmHLDf2m4hcGEuD,4rdtCtv2wAGFnZ6u6,JpbbzTqCCptzqdBYG,gCWrGQL4NNzkp4K6h,GZcy7JhZQsBz2rpp8,xLAFL4eH3phRrFBYv,Z4crx8fEFQjQLkan5,pwQm3JFuo92vgrDPA,8BFW7GDgBbEBJ4h9s,T42sfjMdHdFEgSzFm,JWpf9YRErjqrr48ik","MDwvQRsnpdcm8gjiC,jRGtYhXiWRHwfRNnn",kuHuHtcQzXF6LqM2n,bFMGuS7DGjPd3RXeY,CLAYDZGE3JqcTMmEQ,v8rMbSLgPKtP553Ex,2024-05-20T20:44:01Z
uDwq45TJPcHDjEZpQ,0,2,2024-05-20T20:46:57Z,,"rW5W4vrEguKr8EQTH,36FHL5JoF7jzrcud8,rmyHYpxRibWkCCTAi,MDwvQRsnpdcm8gjiC,sJYThDJSj7Q63PuzY,xhMFtR5q5eYTXrQwD,h94kHPD3f9TnErLxv,jRGtYhXiWRHwfRNnn,2N5XPb9sFphCZ35ir,MYHAYj2fHyzJbFzas,d4xfHNJJXStne2aTA,4RmGXsq9mWASrydXH,7JRDWt83nHuWtsiMz,cjBRZAJYq45GuTidB,xJdmHLDf2m4hcGEuD,4rdtCtv2wAGFnZ6u6,JpbbzTqCCptzqdBYG,FPyXeCzDyRAYciNnF,gCWrGQL4NNzkp4K6h,GZcy7JhZQsBz2rpp8,xLAFL4eH3phRrFBYv,Z4crx8fEFQjQLkan5,pwQm3JFuo92vgrDPA,8BFW7GDgBbEBJ4h9s,T42sfjMdHdFEgSzFm,JWpf9YRErjqrr48ik","FPyXeCzDyRAYciNnF,xhMFtR5q5eYTXrQwD",uDwq45TJPcHDjEZpQ,bFMGuS7DGjPd3RXeY,MgspJ8fEtLNToCEi9,v8rMbSLgPKtP553Ex,2024-05-20T20:44:01Z
H3Y2X3FFJ4b8Qyn7G,0,2,2024-05-20T20:46:43Z,,"Zb6NueH4rHumWDn3p,rW5W4vrEguKr8EQTH,5E8KHekJqivWnYWp3,36FHL5JoF7jzrcud8,rmyHYpxRibWkCCTAi,MDwvQRsnpdcm8gjiC,sJYThDJSj7Q63PuzY,xhMFtR5q5eYTXrQwD,h94kHPD3f9TnErLxv,jRGtYhXiWRHwfRNnn,2N5XPb9sFphCZ35ir,MYHAYj2fHyzJbFzas,d4xfHNJJXStne2aTA,4RmGXsq9mWASrydXH,7JRDWt83nHuWtsiMz,cjBRZAJYq45GuTidB,xJdmHLDf2m4hcGEuD,4rdtCtv2wAGFnZ6u6,JpbbzTqCCptzqdBYG,FPyXeCzDyRAYciNnF,gCWrGQL4NNzkp4K6h,GZcy7JhZQsBz2rpp8,xLAFL4eH3phRrFBYv,Z4crx8fEFQjQLkan5,pwQm3JFuo92vgrDPA,8BFW7GDgBbEBJ4h9s,T42sfjMdHdFEgSzFm","Zb6NueH4rHumWDn3p,5E8KHekJqivWnYWp3",H3Y2X3FFJ4b8Qyn7G,bFMGuS7DGjPd3RXeY,doZQqnqtdqT77yPMX,v8rMbSLgPKtP553Ex,2024-05-20T20:44:01Z
Ye9gHT9PC45c93cN5,0,2,2024-05-20T20:46:41Z,,"6x9Sf9Gz3GbN4KnsA,Zb6NueH4rHumWDn3p,rW5W4vrEguKr8EQTH,owNSD6vwjaw5XMoi4,5E8KHekJqivWnYWp3,36FHL5JoF7jzrcud8,rmyHYpxRibWkCCTAi,MDwvQRsnpdcm8gjiC,sJYThDJSj7Q63PuzY,xhMFtR5q5eYTXrQwD,h94kHPD3f9TnErLxv,jRGtYhXiWRHwfRNnn,2N5XPb9sFphCZ35ir,MYHAYj2fHyzJbFzas,d4xfHNJJXStne2aTA,4RmGXsq9mWASrydXH,7JRDWt83nHuWtsiMz,cjBRZAJYq45GuTidB,xJdmHLDf2m4hcGEuD,4rdtCtv2wAGFnZ6u6,JpbbzTqCCptzqdBYG,FPyXeCzDyRAYciNnF,gCWrGQL4NNzkp4K6h,GZcy7JhZQsBz2rpp8,xLAFL4eH3phRrFBYv,Z4crx8fEFQjQLkan5,pwQm3JFuo92vgrDPA,8BFW7GDgBbEBJ4h9s,T42sfjMdHdFEgSzFm","owNSD6vwjaw5XMoi4,6x9Sf9Gz3GbN4KnsA",Ye9gHT9PC45c93cN5,bFMGuS7DGjPd3RXeY,p9oK8XqHf2Etb5ubk,v8rMbSLgPKtP553Ex,2024-05-20T20:44:01Z
tputLYZT9wdpDLcby,0,2,2024-05-20T20:46:29Z,,"6x9Sf9Gz3GbN4KnsA,Zb6NueH4rHumWDn3p,sHbehxQJaYRu8an9a,rW5W4vrEguKr8EQTH,owNSD6vwjaw5XMoi4,5E8KHekJqivWnYWp3,36FHL5JoF7jzrcud8,rmyHYpxRibWkCCTAi,MDwvQRsnpdcm8gjiC,sJYThDJSj7Q63PuzY,xhMFtR5q5eYTXrQwD,h94kHPD3f9TnErLxv,jRGtYhXiWRHwfRNnn,afN4HXtTgxi59iCjB,2N5XPb9sFphCZ35ir,MYHAYj2fHyzJbFzas,d4xfHNJJXStne2aTA,4RmGXsq9mWASrydXH,7JRDWt83nHuWtsiMz,cjBRZAJYq45GuTidB,xJdmHLDf2m4hcGEuD,4rdtCtv2wAGFnZ6u6,JpbbzTqCCptzqdBYG,FPyXeCzDyRAYciNnF,gCWrGQL4NNzkp4K6h,GZcy7JhZQsBz2rpp8,xLAFL4eH3phRrFBYv,Z4crx8fEFQjQLkan5,pwQm3JFuo92vgrDPA,8BFW7GDgBbEBJ4h9s,T42sfjMdHdFEgSzFm","sHbehxQJaYRu8an9a,afN4HXtTgxi59iCjB",tputLYZT9wdpDLcby,bFMGuS7DGjPd3RXeY,Hfxq9bQxukuB8WRwb,v8rMbSLgPKtP553Ex,2024-05-20T20:44:01Z
94nCRfpSktXykxeiK,0,2,2024-05-20T20:46:15Z,,"6x9Sf9Gz3GbN4KnsA,6unJ3r22ND5krke3i,Zb6NueH4rHumWDn3p,sHbehxQJaYRu8an9a,rW5W4vrEguKr8EQTH,owNSD6vwjaw5XMoi4,5E8KHekJqivWnYWp3,36FHL5JoF7jzrcud8,rmyHYpxRibWkCCTAi,MDwvQRsnpdcm8gjiC,CPrToddyk59RFjpZY,sJYThDJSj7Q63PuzY,xhMFtR5q5eYTXrQwD,h94kHPD3f9TnErLxv,jRGtYhXiWRHwfRNnn,afN4HXtTgxi59iCjB,2N5XPb9sFphCZ35ir,MYHAYj2fHyzJbFzas,d4xfHNJJXStne2aTA,4RmGXsq9mWASrydXH,7JRDWt83nHuWtsiMz,cjBRZAJYq45GuTidB,xJdmHLDf2m4hcGEuD,4rdtCtv2wAGFnZ6u6,JpbbzTqCCptzqdBYG,FPyXeCzDyRAYciNnF,gCWrGQL4NNzkp4K6h,GZcy7JhZQsBz2rpp8,xLAFL4eH3phRrFBYv","CPrToddyk59RFjpZY,6unJ3r22ND5krke3i",94nCRfpSktXykxeiK,bFMGuS7DGjPd3RXeY,ydPDjM7qAYHsGfn3P,v8rMbSLgPKtP553Ex,2024-05-20T20:44:02Z
GP8uy264Q9dRv3sAA,0,2,2024-05-20T20:45:43Z,,"AYbqdsDXc7rgfg6e6,6x9Sf9Gz3GbN4KnsA,6unJ3r22ND5krke3i,Zb6NueH4rHumWDn3p,sHbehxQJaYRu8an9a,rW5W4vrEguKr8EQTH,owNSD6vwjaw5XMoi4,5E8KHekJqivWnYWp3,36FHL5JoF7jzrcud8,rmyHYpxRibWkCCTAi,MDwvQRsnpdcm8gjiC,CPrToddyk59RFjpZY,sJYThDJSj7Q63PuzY,xhMFtR5q5eYTXrQwD,h94kHPD3f9TnErLxv,jRGtYhXiWRHwfRNnn,afN4HXtTgxi59iCjB,2N5XPb9sFphCZ35ir,MYHAYj2fHyzJbFzas,d4xfHNJJXStne2aTA,4RmGXsq9mWASrydXH,7JRDWt83nHuWtsiMz,cjBRZAJYq45GuTidB,tzYDN26fLDCpMPqZF,xJdmHLDf2m4hcGEuD,4rdtCtv2wAGFnZ6u6,JpbbzTqCCptzqdBYG,FPyXeCzDyRAYciNnF,gCWrGQL4NNzkp4K6h,CbudDZjgNb3qQ8R4Z","AYbqdsDXc7rgfg6e6,tzYDN26fLDCpMPqZF",GP8uy264Q9dRv3sAA,bFMGuS7DGjPd3RXeY,PEtccYyXKjwupgW6G,v8rMbSLgPKtP553Ex,2024-05-20T20:44:02Z
