_id,finishedAt,gameLobbyId,treatmentId,roundIds,playerIds,batchId,createdAt,data.justStarted,data.roleList
GnMyShfHu4LomZLYa,2022-04-13T19:04:30Z,GnMyShfHu4LomZLYa,ttbogRzNsNbP7GfYM,"HQG57r7iTSptzQdE5,twws2CW29cWs2wZpr,KGdWM3vjaHGFYPFM3,Xso4YaFx72bJ4Svby,cZ2b3EhdLF3HSbuws,sYwavdx74FoGdGa6K,n8JjhhJE6JYtNGGMw,cM984BucQbaNxu73H,nJQFYjRfg62Xa9s8f,KutWtaKzFZKM2hdJo,qrnPvhAEBDp785odu,AqHjk4RC2y6B2J8u4,4exy349MtGsB64Dan,K8JjbdsGgPPefHK8x,Svj5qkCPMWzGreyFK,G2XgHfSQf5eugk33A,JJQBpfCNY4h67NF8T,s7QXB4Swwn77z3ime,hWR2NsnNEoDJfmcpo,mbhaYqBnhFcLdWF3P,PYN6FGhPGwLiqRMqJ,4gnRy2J4DT6jyNKLk,BRS9cKT6Y3Rm2QKeh,wJiwaDwBPXqwPmSEn,njc6YNoG4k7FhugCw,BrotFhD94Ncrcxqoz,zbhJubdhv8Mzfxrk4,Z6nsYkbMvWgLoEYb6,RhcAzBj5bwDYJ7cTn,g8HMdPrPFwYAep8tS,aBJf52urHrakSuRHw,CsTQpEZbPMPYTcJGt,HWhnRh9y29Sm9A9Qp,BkB6qTijCNf5832ab,nCMm6teDEdn7C2AAQ,cuei3gyZyM4j4gYYz,HPJBteQhMaxZpBG5W,ptpKvh7m62TYTz3ZG,Y5mBZGmTT8SWfogdu,SzgNqeMRt6d2sQWvN,Fib3Kv24kQezryZNP","RWemhuMYyr86Szqqd,uR9TLdRXHghePQpCT",Kw4BEHazaPhiWiBHW,2022-04-13T18:54:57Z,false,"{""RWemhuMYyr86Szqqd"":""p1"",""uR9TLdRXHghePQpCT"":""p2""}"
bqoBFDfSXyMdXrgp7,2022-04-13T19:05:20Z,bqoBFDfSXyMdXrgp7,ttbogRzNsNbP7GfYM,"Ri5hNwTrKAu4WiS62,kgMqLgfMnJLpCAyCC,LhgiQjYeKaRzv3nX2,Yp2oqLBr6PocrcfMk,kxMGoghtcbj6nnAxY,MJfB4kkGMmLY2yFdB,C7p5zBgmTi6xx9iQX,Chs9uNpcoMEQMFczn,LpTvKhp3Sq4o2Ri7x,bQwjSD6bW3aJeKmJ2,HsDKuFmqY7hv3CnqR,545dQtacm88fAQSHZ,QMahK8z7Ep6aGiSuf,TzB2e6dPqegYDRahy,CKvmYdNrAxfg2Wd9Z,cGsmEvF7t7eEDqsym,Sy385zn2j9eHFAeuP,tzeYn3vLB7vfsCedA,83xGsWH9xfWgzjwNS,Quk8Dt2LbCyA9CQSM,d64cdPxMeRCKa7ah9,QXQLTdhe543XTKQAm,SM5YJ5uqKGkAdRWiS,xGptLYhXi226t935h,pkSeyQSdFWKhGH2J2,4F3uyLJqsGqBPeudK,u5q4Sav5xGLFapKSH,w2hH28MrMkYBBMocK,6hrrnxkmDq5Jb85BH,D7iZweBCz3ouqRpRu,RHirMWBDshKX4eHDL,ZFReHYenBrkxWmSBk,rvjxP6Xt8R9rEjHZz,ATRfWQM4MYjrhdQLE,9amAL9Tc3MCA6xR7y,ZRB6K5fnvf5fF8L2J,HkpsTXegJQq2sHyCa,CfiECW9fLp9Qk7nmQ,khNLCNp3vvsT4nAqS,am77op7LYcp6QhLW5,6cquGzhWf6Kvwejkn","AJrLDRkYewARNLBXX,DydiA4GyXuT3MaLTL",vkmZG6yyJD9sbnTKA,2022-04-13T18:55:06Z,false,"{""DydiA4GyXuT3MaLTL"":""p1"",""AJrLDRkYewARNLBXX"":""p2""}"
PnYpdspriuwW2qgfy,2022-04-13T19:04:49Z,PnYpdspriuwW2qgfy,ttbogRzNsNbP7GfYM,"9LwHnQTLfqmSMqy8Y,FkJZqhwgmfpSnxwyG,9F7MoTsz3pDPWedzx,2YoofjyjYFEfLrm7L,vxPmHrp3JRdnzbTRG,bxXPPE8c6CKqDrCxA,FPCLvF3eLKwWpyPQ6,TMjAfrPhJ79JNHc5x,6Q8i6BgeL4hv72AKf,x4A65Hfnd6Lb2z764,vcKfz3uiFJrxbRumz,E5shoPkiWmF8piTrN,gS9XMTgckw7PiEF6j,SbbxkHJnN37m8Wjut,rdK4vav3Gois6LfhG,38TCjzCbvkeW8LwJD,k2bSCAaHs6gym3uqk,cpM255C8ydEeud8oS,dsJJ6fzH5drmbBJhf,gsgSpiq9Ehopxdczj,xtccfnTDKsGSRPRWG,nrRLRJhdrQ7zwvuA2,sYwtSwYAoc8yGxMP7,mZGinFqLBKyJBzxfC,zDvGMP8oRmSdzZ8wf,sxpdhd5htnyzCF4k6,fb8T6dcyPkDgHsjiF,RQ2qYKNwMdJuvxQuc,8hJp7x8A2GD5hm9wQ,24hzhsgcDZWkHygeK,84geZBSdHdBoNXmi7,RCh3Ewv4J5aks7QfW,onngqjfBE2m2EE8Q3,WGDAu7pbLwBFxa3pm,cjLrMvZr7cL8Wi7gR,AjPQWqE8KK4o6px5M,fk87jsEoGecfMqv52,YMPfHwQwYE69Aezwa,HF6QiZ6DyRef8pfpF,kDQvxJyBGF5WAa458,zASjHc7c96bqqPn2D","5hYfiphAvipm726nu,8Ltw9wPLZj2WFSEfk",f7DvKSJrvzKhyafin,2022-04-13T18:55:27Z,false,"{""5hYfiphAvipm726nu"":""p1"",""8Ltw9wPLZj2WFSEfk"":""p2""}"
t96xRCJMgXsJBHhzi,2022-04-13T19:05:22Z,t96xRCJMgXsJBHhzi,ttbogRzNsNbP7GfYM,"oDsprca8PbwQJu7SE,QPDzGH2djtX5CenJs,sywEzc2ZwnCXhCjWR,QqoLr2uFsY2mFZYm3,AZGuSPYGJ79For48W,ZvPSjxiPKMisQcoGw,GbgCPkGQ6MjrWF2wD,EZDj6bQjsdHxtvJQB,jSG4qWCR2WyuWQZBf,Aa8YuKjFXjDRuGsoj,2MewXhqZeYsLKgDds,ueqpE645PjK9AfJtJ,KPz737xQBQWmfDTY9,nAFnymxHeSdeL7DoS,ECbNtnAF3gMwnnjBy,9MaJASayQbYmEimCN,ASq9YhHhqj7bvuxre,sYSDvkTgge5wnXwgP,cmgj7rFcGx5JLLhB7,bGDCS3ru6fJ7eYgau,9uD5E46wbFxSz9cEe,ijEN3oGEYqLoQpusT,XAZeRg7YJCBGR78v2,J7pe2ApStpba9kmMM,6WPLRkdzN3TCRuFkg,zwbXaeF3dYLPxyr2H,iKjsmMm5raL8b5Sju,BkyhjEWmixZEcL9HG,MPmBBj2cMKxJcZrbD,smDDvtHAiaBP4JDTn,MZs9jmozsL3EyZgTx,YRSfhDir4iZu3mX9E,3qrC7Ga6hveBEoYaq,kEv7kvi24bvNvwjvC,QTBQFjAifvxN3TR6T,rbsKHisNknhxNwfhJ,YqzdJzSjbhtXEzEem,4eZCwLvnnEQTMvGps,P7jiGjGwXacM5zLpH,cNdYhdQx6bziX4E5j,g9puEFShP7cdWCs63","8vThJjNzMfmhJJckt,SSBBbF9X5QnsCjawX",NCYqMJNjrZKGX4qyX,2022-04-13T18:55:33Z,false,"{""SSBBbF9X5QnsCjawX"":""p1"",""8vThJjNzMfmhJJckt"":""p2""}"
CZ8jAt9v8z3Yp9Nn7,2022-04-13T19:05:20Z,CZ8jAt9v8z3Yp9Nn7,ttbogRzNsNbP7GfYM,"huaejwRGRfExb3dKE,R5iENxgnpaCF5s8dp,9MPKwijyaqPL8rKxc,twWAe5zzAJv5eghc5,ucDJDnmSQErWpszE2,YktzEsiATYtmTxT4x,uDzGuLYHYLKcEZueA,dZEsYMYdYXTuBX26S,GdbjKfqyTbNkAZcwv,aqZXNgHuPPR9eaWSS,un7E7TBzh4YTDXghP,s8Hv6yYsCp8J6apf3,FGt9Bnizy4JFNQsWR,sz48adAzpK9BsdEyv,HXrv9mHMdumaZ5RgX,PFzi5eQQNwaZD96Tn,orQ85EJY7M2ypisS2,6PJ5BD6mhT4QKmQRz,RGuh9a7LAkBsRdKyX,bNTCQJCPFrjonTjZT,viBwhQxMeHYndshHg,EGiKzqdz3AhjzNJMQ,w5ShWsWir2rgfyHb7,ijq594ZbXE5zkcAaS,AWMvysFdupDxJDWLi,vCwZGmtFWDeaSSSH2,vCDMtAyDFafmLYpRi,M7xM6JGPZZEwucmso,wLBrgBYsKLQTFJtzr,gASvJ9f6SCH2jChK8,rh5WjmPhLb9ssCQmt,xcDa6jgCbn6EbGeME,JCdRNzPys4ZFhZnXr,SBrbBghYEEBxNA5d9,d5qZmuJ5F4t6726pk,DpkrNaorYbKTCwZ4w,ZnaBm5WaHabo9BLsm,eRj4G6pDX7otiYLGb,BAEgYquYv7ctXZ2Xz,T8mLLwGCyjjE8hBi7,o224Wzm4hJxxBnCb7","phrcawmaiMANbJD4i,vSEm2nuHMH8Gk85Em",uugTSADqm58foTry8,2022-04-13T18:55:39Z,false,"{""phrcawmaiMANbJD4i"":""p1"",""vSEm2nuHMH8Gk85Em"":""p2""}"
rB2yM9uzEnmcW3MAc,2022-04-13T19:09:13Z,rB2yM9uzEnmcW3MAc,ttbogRzNsNbP7GfYM,"Zo8zcBu8aGm2J6BZi,CXdXhuzNNb8P8Z7M7,okc2hfjir6vpoQmXz,YF9W4jQe8Pr8bT342,PdqyLDTcH64stNLJL,qhQcEE5zdxcxXnYyp,KSZG26D74tjB2rN5m,kXGADTNMPrEFg6Gcn,cJMqNXoFwAEuuk4WW,v5EGREvxSAJDHCt8R,CssAxQKicRXhYF8dE,ubqPXmasRDwpaePG4,x4EEsBqfZhGnFm4Th,8s9D2RxkEQGevbJzy,3p4Co56wCbfn4kGJY,XvpDSKoCoePS4cdX3,nKLM4qYKbeu8Nptne,ZmpMei5mujGgpNS2j,XwRFa2uNHSaELCmQy,7pSo5YovRke2mBCu5,v2MDyxvhzDb5k2fBu,32p5EXahwy5QQS6LA,oCvkJ8bn7iCeEdnM7,LsswRPPugDv9ftuAB,gSSe3m9wwqbYxes8J,Lm3gtTiMWHFmLciEs,RnWxvdNPBEcvgTPsg,oQsAXNHKYuhgXJxur,h4gZuidYisXjr2SRw,vqrn52WEXSLvDzWjb,PQazzDQodndnCxoz4,J3Dt4wP779mH8PrSj,ui8ahzAnhWz54PFap,wzYByyKQ5qxft2C5s,K6CzYXMnq6z3tm536,5qMPjEEbvZRtnJEiM,SmTW5eFnHrddhqGTw,CtwaoKzAqPrnWRfFK,YqeBNPhYPxXxREDmG,r4oyoSTS3FMB38FCn,HPADpBbA5revKWTGs","rEiAg9Ybs9pFdv9Pv,zANW57pB3TaNFu8mL",jH82SNgsEFLk9BrW4,2022-04-13T18:55:47Z,false,"{""rEiAg9Ybs9pFdv9Pv"":""p1"",""zANW57pB3TaNFu8mL"":""p2""}"
v86yXBQRg8qo3Y5bJ,2022-04-13T19:06:45Z,v86yXBQRg8qo3Y5bJ,ttbogRzNsNbP7GfYM,"NGvs9noEcv7WxhXje,PwqaTnizvhCapj9Fd,as3eKL8otNC45AF4j,wjPedYen8GgNLuGMb,scYSieb327FatGoN4,aEMmm2LvJMj5HNdrv,sRtaLtCehb6BZcHWL,kpydEycbmE2HBBZ6Z,aSZcYzYwKudTAk4RY,Ha2RwaTAT6kuBCR5x,u3dspibhrRYtXyBBF,9g9JzuhAiWJ35MsaY,qdYwvNqwewK2uqbzC,J8AjKHxyKmsNrgFiX,AWaHY75LkYujsngXo,EBnYZ2TcfeeR8fdhA,aiysk487zR4TurQMb,97gaB2Z8uTtajaHiT,f2ZSauNy2xv3D6oiq,8Qv9p82bEQo6mdDXZ,oosRvjN8B7PP6wwLY,ffzxCkfW8hPNX6QFk,X5sRonjwqRuz3TzTj,nK6XBvFXypWai5qDY,NTYSD8ocmSvECrDrE,T7m6kyEdXSwbbwzR2,RqYnio3gFa2k4C4ru,SmgtnxrcRYpPiEEB3,zrGcnofvuw3vzAHtd,tvCnx8iHAwvMor4iL,YJRuX7zRREsx4hFoE,JT3MXronz5XZcntLD,naSq74QeraXMuXgKQ,ga2eYRDCGZvGkHR7g,dejFz3maF8h9S5qAa,ATeg2ePqcperLmTao,CwQaMDtWYKXqqz5tu,AGYmLRoq3WkusuGgp,35vLCwgmQT5JNrFRQ,Bkwe7tyLQN8fgteTj,dMqFJAAWZj3TjLkfi","PmhhzXheSvD6qjgwB,T2ZeztYND6LedKpce",5nbvrcW6wW3sSC4Qo,2022-04-13T18:55:58Z,false,"{""T2ZeztYND6LedKpce"":""p1"",""PmhhzXheSvD6qjgwB"":""p2""}"
z9ecP5dKFTzW9QT4y,2022-04-13T19:07:11Z,z9ecP5dKFTzW9QT4y,ttbogRzNsNbP7GfYM,"eLdgc3fbgBvG3vAA6,Fjve4vvQTDNbttTAF,NwGfmBkE9CcwvyDKK,jB8SFPPSPB9JMJGfF,4ctX2pxYf4Dhcz75s,kseYAk8Y2XZ4h98ro,X8opzztDSLWy2wttZ,fvxo5Z5onupEuYRp7,XZ5ev2vWwbzCKRTDx,nKS9Par6crsSTLs2e,qrwxQaS9Zh7rHXn3P,K8LEW2cqLmJQuKXBs,EKZYyJHKNgpgw7rdX,Lm9zgXbfvHBBq9L94,uNAGzRMDEPqYnamra,3uExMsKR9FJWNEg3j,cZvQSTiQSQWwWnAWN,c9LLeBncXZi2ZCJ5P,ZhH7rFKdgq6qyyxeg,Hv4YBiJMfTSSWzn9T,4GrjsFBAzYzp3B2Nw,pBsCjdt6rTirpnT2r,6epGGsoM5JCgD8Qdh,7NNnBP45QZhYMK99u,or28g86ZtXf6ujhEo,waWFT7E4vow7R67e8,Wo7pLtf67sWoaHB3G,pgEwbHMyjJPtMuqTg,Nk2xT7rLXAK8RiBxD,8eAQ5fWZfw6PRfEmC,HTyHdxbnhjpdypWpj,frTWS8NfC2ADrwkig,TCuZSm69XzoB7un7e,HxsaC6F2SCEkKo569,Evrfg6hFygzyD4HqR,BT3v2RgeLicJtDHtW,TFiett6pRbnSuauAM,357pCgLzfF4d6zdXa,RoBnBZyomEwfAHCz7,8xZxMssqKEdWodtNj,wRWHbG242Jjz6EvKZ","LuHGFoxiqWGtuNg7G,fWzbgdno98aYJSWAu",htHWvrMXEmRbdzHkC,2022-04-13T18:56:22Z,false,"{""fWzbgdno98aYJSWAu"":""p1"",""LuHGFoxiqWGtuNg7G"":""p2""}"
qxfoYBdnuiJE3ibEs,2022-04-13T19:09:27Z,qxfoYBdnuiJE3ibEs,ttbogRzNsNbP7GfYM,"dL63Syrs4GfMNwYKK,5a497L6uSHbuH8ndH,8Mr9hntZx5RbfKwLn,yvuyryNYrnzqTtN5g,idjAS5v4oNAejGw4w,km94rMzJHp9bA6gTX,z44NHwrmjm5ytszxy,hb5bFKQ8aTs8c2GAS,FPGka3DhwgpgThpYH,WGdow233QHodwT39L,23wgTBFBwE5aZqvwo,k2CaCT3bPngEhTqiN,A9SPgtQCsie6zSpBZ,r2ZiqLQo5ATyEF6pv,MwtAqknK7mTNHa3nj,3rApp6viLHTrk86Nu,oPMRuQ5HgHcaSDe8H,r8axbLoBTjJnjabNP,fGP6gqkjWgs4KTHwo,y3dfM8mfCcHDNjCRP,5CpqXsP3po22Ybkcs,KSzmrZQE6N8nLGHqW,oyi5TBx6Tx93LaZvr,hTevFhCtx7oHrmBmE,LnvYs67k8Ni3C69x9,mpmb6RdcunE6Knf4N,fghZYg6zgjBsqAaD6,q7b4CuTsuqScrXhGE,R5hjqQjXHQiuJYuG7,abgik7pSyi65Phevq,ZW4rHk34FWgCqqhQj,5ioFo4TjKqQM8vqqB,Seb7GxqLiA3tH2qER,qka8R5yMmQD2HeEEK,zv5zkWAmqmByAAXJh,85hdE87kgKRSmJi4h,YF7hWinABecwm8vPK,dbaXnxtCik5EAhgaH,Qzs9bafN7LbLNtzBL,o26xyZTinhcvAp5yr,zwRpXdkPgWeGKuCWG","5iRWyjjYE5GgCEF3u,YHExs9hQipWbAZrS4",Kc5pJo37A3QCykttj,2022-04-13T18:56:34Z,false,"{""YHExs9hQipWbAZrS4"":""p1"",""5iRWyjjYE5GgCEF3u"":""p2""}"
3eKXeBnSZTmhZPDoF,2022-04-13T19:06:54Z,3eKXeBnSZTmhZPDoF,ttbogRzNsNbP7GfYM,"oN7euyNLYEdcQnXPR,oqq5L4XzmuSEsdWWJ,hTibvN6vbuHqm88Y7,FWJ8uouLvuuTnY5ZT,6mGYMEm682aD9J2Zo,u9qfuu2QtgdfDK2qu,o8M9CxtvQzcX2HXEG,ubKSLtgFjkvuBzSjN,kq9zFCwSQft5jfrDW,7jh4cae5k2SGTd2LR,hKomky3EtCwGKgzq8,KM5WPE8hM5yL3NnXt,Jg9vjuXoYpoyePDCi,8BGP3WiCYYTRrW2gK,cbXWyTErMFjm48sF2,XXLCWG3tzizcX2i58,TLZmg4yFAgMgCrpaD,fvknFtxxk9Y8HvcB8,krs7t5xy5PnPjuJ9f,b4J4Kiwv2sGh8m6gY,7bWbvmg9hvmY7ADk8,3GcESeenXqWT2ogLk,34KBraax7PyA5moH4,Ej5Z2iiewsa9G2wTE,P95vRk9ubAq9nm3gR,yEs6v7oxRJ7PcHNxh,T7GykpNK4xAgZpeCX,QkcANJunDb3hy7omA,WSdaEJ9AzsAmcyB6h,Ss6dDZKSdQnaF5Ye4,Tx9wECgNfTBGyQEfy,EFFN4srtaPeasHDgx,jNGvQetYgkDsamgN2,7Z5ZWJ6TejbMXNYyd,73KcebCkhnQSYPjJL,45NtnH9LvSSYtybWh,ZiMd3HwHfeTq4XNF7,StbkDPaGZzkCQ9R3T,QXvmh8eTFbkfxXB5T,AuKByqfRsqce97W9h,FPbHiqTjTsFnTsLNx","avkXEjTHe5shtQuC7,m4k3yiv3A2tSmTPmx",n6LpzaXcYKrgDP88A,2022-04-13T18:56:45Z,false,"{""m4k3yiv3A2tSmTPmx"":""p1"",""avkXEjTHe5shtQuC7"":""p2""}"
feTk45XofHjPmm2Ak,2022-04-13T19:11:04Z,feTk45XofHjPmm2Ak,ttbogRzNsNbP7GfYM,"5vrX3qXrkrmQHSdm9,aHxXTdBvehdWacNg3,gkWNENYyGC2g9MBL6,vEYdvgByBoqBcHMua,a8cFhXSoamdHmKbz9,SvhTT7z8AMpbCBXmK,LiCFm9Y8HpE6KiW83,x7Z5mDXauLsJjshj4,coygKL6C8Xpvi8tMn,52M34c7rCrcheAiXm,KWe2wpdnc2oP848hc,zqGNdNZhPRb5FvB5G,yRLJfiabE8ba6AQeW,TrRZt9NGGbB9rYYqE,HKhQJZvbMKWcd8pHD,GeYvHb6Gy8B4PcEcW,o29gE6KacF6EnDvd4,n3A6JRSXWw9edHMSu,bNhTSJdEtJwCiEREd,KCc4KAQddw4ugDMPY,s3PTTzuF7yKTibfXA,oxkQRN4c3NM9Hd38S,RnzMTTxzNEE6AzLLB,8EnjMRdAyGnsT6BbH,3HiDNoEk3wdEXu4uP,px4ECQzx8uPi6EBcj,Y6jpTDXFjraonqKMR,iG2n7amzoSQod23bA,8oGNqEoYpZPNJ4xyr,cRNNjqDcNE2yAe2dT,vbddGcxRodfpHjs6a,4ZtFttnRzGSHJgk98,DTz9bzEFCB22tZvQ2,26oft9CwmsSn8XRxC,bFHuNS8qALzJDbcbn,WqPbeheb6fDCTHTKz,D5RCc6huTeYLHuLFv,mz5H9PdPGZ6SovpnJ,iKC6S4bD6f3zNEFJL,8M4aQNa7njkjLB4HH,TDxKAcgJg5m3DuQB9","XpXSjLpKDZzzwrEGh,qujkhPogvuPWY7bbY",uijpbbnHj869sfH3o,2022-04-13T18:56:55Z,false,"{""qujkhPogvuPWY7bbY"":""p1"",""XpXSjLpKDZzzwrEGh"":""p2""}"
xFJ6Fkq9gNAiwBZYy,2022-04-13T19:09:06Z,xFJ6Fkq9gNAiwBZYy,ttbogRzNsNbP7GfYM,"pjbxt9sbbLzspJutJ,RtCazNX2dsEHBq2nH,Ytzd5cEKCzL57kJCE,HToHBhCHNnZ4oxnnx,EiwBeoyv3AYLFbeTD,SJeqNpFHgo4DApXFe,b4Ej6xhkK8nYTADzv,gt5uvxpeCGSgHp4w7,uFdgXjqFSSJn3X2Ri,yBLequq7kyx85L4xv,FXbRj4HR4ZweRu2Sz,EmbXFgDZBpZrAJ4LD,cpbnS4Btos9etLGzb,56KHoyCy57KNLPWpp,DnKBsJuveP3uFvPXQ,dH259XFQnJdgMk6zd,DqNdT39bJgZqjTkiX,sccApX5pwnBy4HMJW,jWMooQ6GRMFF7XHvD,2RXNsd6mCD7m229n2,awsM5D5DrbQLuxy4i,tSYxpkztESXNRnTk9,ayKdfYXgfkjGafA7H,EFETePZ7CwQjH5gjp,f6T5xtC7sLnk7ekvq,St7nFsKKafXpqbS7S,6NthEG4iSAqWhnTSe,3T2Ma7qY8BhjhtErm,ARfPHPCbNXwaeMm8A,q9fnJXmRpZZjrYaBc,aPsvv5ENmrTnMBY9B,Ak9W6JBF3GuWm4q2Q,wcoZMtvpDwTkda2Tb,6zMSuvttvZ48EtkCM,h5aZALnMh7pwRRNx9,fxY9gGP4SsoZAiNdR,XnW7kPehJE4X3vaiZ,6DmTCpCm63HC4zZgF,3hYCmJ9FbQFEJTDkj,jRbcnfDbMv5xzTCAn,cuWpL5vNSiApGzbMH","fvvRbvHPnTKzF4oWj,mckhbbRAPYJhp2TxX",DFrNA4m7vEZeJbJnj,2022-04-13T18:57:14Z,false,"{""fvvRbvHPnTKzF4oWj"":""p1"",""mckhbbRAPYJhp2TxX"":""p2""}"
eqc5bnaieZWnNzxZN,2022-04-13T19:07:51Z,eqc5bnaieZWnNzxZN,ttbogRzNsNbP7GfYM,"j7DRdF6iwTuk9mrXF,tW6PFe7r4MCctswi4,p7kZTfWesM6tYWNQc,nffvu67xNkYxZBNcS,eW4XAGLYZKPhPM8yr,LFeJBf2YgxELTbTSd,8EmjudQRsoQE2zaRF,3ZQFg893jYKrKPFyp,Dnhb9hxasbtycQEsi,aTEWhBmA6xJuYLrjS,y4hrx4R3NBq7scDsG,WPd5vGHwxbr8uLYRw,vumY3PDH9Nw7bzmno,rDE3QSgQ89Spc9piK,SQMg7C2wFNvGDcz8c,i5k8KLLAoZShf86FW,KpejFJZGNYGbHQ2dq,wAmEGE56fkqMaqegc,epPQ9F5uPPNbvoSfu,4T6b9DNyDsGFJGpt3,qeLLomfxkyvCTXRWt,JWcP7YytuDHKaZmbW,GvpvWEDyvqpkJ8Hjx,QGXG5SjfcHer843RN,e5tuL3vkuRyiRyTs7,ihzZY54rXMM4KDdqr,Xbz2TEGzX6zngMpAj,AGzNv4xrqLeNSyBLC,Mwqhk2sCyZvvupB5Z,psW5aTACwhsSd69Tw,T9k6bddaPg5RuSbyu,RodHRQ8yN2QdrSs4L,WEzqMWWqWsezPah36,zgsaedBd2njiXbbSd,cJrGfoAeGao7AG2dP,4SZDCQPSyBCwzQ4CW,wEzvS5LKSMvjYLw4H,YBB55T7zoeoS9jQ4C,pQfJMoXHh4o8i9D2J,nrKR46btRN3SaiTEz,AFaoLWPzRa3h7Sxpm","mGk9Qf9jxNZ84THCa,mN7YjcnPmcH3jgCd3",kn7Qbv38cSkv2P4F9,2022-04-13T18:57:26Z,false,"{""mN7YjcnPmcH3jgCd3"":""p1"",""mGk9Qf9jxNZ84THCa"":""p2""}"
vFGTnaAAkjMSi8wKu,2022-04-13T19:08:26Z,vFGTnaAAkjMSi8wKu,ttbogRzNsNbP7GfYM,"BjdEBBm72Y2qfLPHb,mRzgRm5kNbMEjdynZ,C2Wofyyz5eJtdu5JL,C7KrHe7Edomfqo6EC,w5ExnTEJPKuPEmfhQ,B4yPs6khYJrT82rww,3wqyXQXqPE5AoPpvj,WSDLGtPJFyhfWgPcJ,wDHvGv3DXeTbnwm3h,XzkWqvHvSAn5jdKaP,EM64dKZ5CJgkHGjfm,oN85nMiMBytXjZWG2,xSejvdqQvwNsdynvX,QfpbkvoSwqWHNnHjM,wAkJDLW5LkjxE48Et,W3m9niNexHKenxMks,mAx48Lktp4DyJnR3L,bZ72onwQR797DBcEH,T78kJkpew2dDvbBAN,3Ax7vPP39jBBA8mMN,b28yZKHx4BeESEN9R,dBBvnASfCL6Jy7Bkh,aa4LCwABBdCzyKfWg,uSHBAkewCSxkPZ4kC,zq4agmNTbwJAT43SQ,7esgJL3YEQA3Pg84K,oAcLXCoykfodJNNdo,JGcQ9QYpdCgDxxJKt,j4rXeQ5Eo4phtmkSz,Po4EederSCy5kZvpj,YCCDryvrtXSzA869L,KYMh5Mj9nN3TS5kqM,6R8Yt47KPeTHvWBAx,9dLFo5pwLapmDx3sH,o5Qw4rQkmDetJcxN5,hMDoujDou9ZuM8SJt,Tn6Ro8hqkJv5zZdkM,BnT3CDTsko6pRGseN,mRLuGDJQwtXsTuNSG,2HDXrZzd3X5LPZvcn,kZgXHvPYWyZRf8mZW","AMv5odimgoF7F3MLu,q9fWwQeR2SFp4oWRo",vTsFKdu2gt5fnrqxw,2022-04-13T18:57:41Z,false,"{""q9fWwQeR2SFp4oWRo"":""p1"",""AMv5odimgoF7F3MLu"":""p2""}"
jk4MdPTPxKyTMxB43,2022-04-13T19:09:42Z,jk4MdPTPxKyTMxB43,ttbogRzNsNbP7GfYM,"kYGSDE9EeYGagD6PE,ARnTq6WJCkbfy6xMs,QDna5Shhc9wsmWDMs,Zf4FkT5QodEQjmc83,96wANsPoXjFyhjNvv,cLWjZTf8Ec8eeuwAP,KXGmLHRAbCPeNqcwQ,LQ45CT8DEKXzWhWF3,tW9ZrqoWjhKLtXhmy,ChBEWAASWydk6tGps,Ft2fybHKWbSynnJgp,TKSLo5BxuS8QTvtEM,RtSC8KQLgdZWwoabd,9XcNmxLwfxsNCMvAX,rW2XSyjgg87sRCcTc,naWPgEh7YZHZYfgxd,L8SuGNhLAdrrYDb4u,jxqZ3j6kbcbGRoF33,QyPTETfLZdWCfxSqk,8eQZnA38JRJ2ThdXL,xGDmYFdeRKhTgb9N5,buymYkwJiHid9xR7k,HwJjJQCffGB2g5Pjd,xoLenwcZEb6cFG8io,qpdeZJRo4YZNgjhR5,7DmijDGXXxZvBfnRv,bHQLkShzhMS5GDSaM,LCiANkcwyNqXrxCTL,pY6Eekpj6EhKG3uwB,8vTHQpTzmCvPB88FF,XhcJtychAnq5ng6zB,RtG5dDQoziu2tktor,22sKPxX7t8vejH9NC,fQkqF8aC8BYQygo66,otErwx2RWJEDQaEgM,CZc9KWG6T4KZhp3Yg,HYMaQT9hyzxNCtkom,MBet2CRsaHwDWaCfv,bHYWt5h2rPTWSWxwT,mYkrQDpecviaBHoBk,7B7fEWvGve9RiDA6Z","X5NDd4fazoGjwCZLg,ZCcGwHMaKSbFbokRo",vAbPSsWGwjB7eYKyJ,2022-04-13T18:57:50Z,false,"{""ZCcGwHMaKSbFbokRo"":""p1"",""X5NDd4fazoGjwCZLg"":""p2""}"
FKnuYzwJve4FJLHua,2022-04-13T19:08:33Z,FKnuYzwJve4FJLHua,ttbogRzNsNbP7GfYM,"YMbHFyS8PzMJAF4mK,4Bhmx6izio4DbNiB4,6WAPimBadPmzYDF2R,GJLkrCdRo6XS2h8gC,sTYBB5u6omP5udECw,sToFGdyvCjKYtC4jp,ig5TtbwB7cJwd6ZGx,DyqMndYHPesTzgroQ,xhuxKCjBXpZnJnHB6,mMCGHyNpZcWRWkH8W,oM7WFY7fhdDGoHbyi,5N7yXMdPT9yYDPkAx,2zhWLtDFKxRNYdZjJ,2JPtgcC3FjmrrRzbM,wDfpNDugLnmt2kDxL,MYXEWaDeHzuFEF2LK,ECnz2ouDjkjcZoPFT,YFau88vfzm9tqaYH7,gTCG7c8w8n2MWTmTz,hxBouRhgPfgHJYwd7,A68sSMck2pGjBNbA5,oQTLPPYEkkeBLCJbd,3pQ5Z8skQ6LFmdqFa,en9mq9fFDKLMLXZzK,tR4FS87ksR4bgepEN,iPNvF59fuxKiDHRQd,Ywrj6mSacJtzzFbhh,3Q9oLobjpw5RcFDaW,QjJNEDSQ88fhe5zmm,Rm8WQpmJ6RSzofqLD,E4ByunyM2QrwWNz4L,cChAKFZTLqLLpEsZr,7ACK5LmFKHaKnniqg,AFtCvc7oSqRNnCGTo,CEZRo57khzeZet8cr,HizrXrXy3ZPvCSdTf,xZAtKiHT9J8Ph6ura,RS5rKDBkvtKgfw87m,BEx6pii3tENFYv6MG,4AKX8HFYz9vJTjMDu,sKZqNHYYE9WHzAyKx","6EXM9Z3Toquy7STAW,Rw4mrpwJHHcjSwojn",iPT34TznGXH92eEEp,2022-04-13T18:58:10Z,false,"{""Rw4mrpwJHHcjSwojn"":""p1"",""6EXM9Z3Toquy7STAW"":""p2""}"
5G8qarEsA7KALpWz4,2022-04-13T19:11:27Z,5G8qarEsA7KALpWz4,ttbogRzNsNbP7GfYM,"cPFCWMGQBQGwYkiFs,pY69Sv7Y6r8G9ydzd,w2kkAtagLe7Gkn6qE,ToqK45hsc6kcCEwPk,kGLawpiSpi5KZnKsE,LqBMawh5wKvuemNpA,A36y4AFmJvThLKm9h,xFpT6y4PnWW6tK9mx,mdvSLuqADyK8N7AZt,hwJgYy7PfCJFiP93Y,BLJLmJ2LRqMxyoxx4,Wz4j64pp452FP4wdp,qg7osAQFwJRz4B64e,NjocH2xYkLE7Y2hvW,foQKcWCBP3Rm7fF6i,u5Yo5FewowTZqMvFK,npo4DJEeqETRaBLKq,3DkvpSGotgKDQC3Ar,yY4Jtw7ozSaXX8GnN,kRM8M7Z3oJgkP9pRi,MDtRPGWnC75bjsQ6d,zPKwAoQqr67vHMuZi,9nCSntG6zSxmHdccn,zEspcwRYfzvcQZ4Q6,9BAeTTMEYYp4pdjya,8s6dQvyBmKHqnshAq,nGxP9nLLSGQAH2btZ,oLkgkxWwmdPKayhym,dGrd5SdTokyBPFP8F,7imWvYuRDgEbGBYog,ThqPeFQrh96C3tWht,mzZEKb7687DZFdRxH,iHH7RZEdHs9K5drAA,QQDKh4pMEi8AFf7qb,XsEDc95XJEuas9unH,27kTnTib4cDJBAmFC,uizGHWZhr2c467Gm7,bynNbcRz5R85kbLpT,nA7Prgg53fJ4wRuMn,2zYqF59cBgnXvCpzA,xpuGwEK4ak7ckadu6","DxFPKqoPNwcPahbzF,W8Y6onjZ7LTmMuGTF",DGMAjQKvRgSzLpcnL,2022-04-13T19:01:10Z,false,"{""DxFPKqoPNwcPahbzF"":""p1"",""W8Y6onjZ7LTmMuGTF"":""p2""}"
mfniTaTkjKPZu6wHA,2022-04-13T19:13:46Z,mfniTaTkjKPZu6wHA,ttbogRzNsNbP7GfYM,"nHZnahrXT4WfhoLhA,WZX3pS7ZyWgoeyvYn,ivsAktXkuFr84eDYE,v3k6dtsXszSTisYqv,GFFdS3SjPSwZxGRym,7r2nFK4aHEfBaKPgt,jf8a8hWGnMqjy3F7D,QWWKsCTzkSw64hfjA,zFghEc5ouPpsRbHoY,TAH6q9R8TqbdJnFCz,S2RAx6fho5n2r6LwP,ifxpHcGP7e3KEGvLc,aCiTNQvDvnLCTFPaK,sc39vSw4j8L4oQSm7,jTGLoTdRytJqjtYCC,aQLScXwzi6L3zXTc2,Eu3uLaBMZKbQaGcWj,HAGabPRQbF6asdDeh,c3zEaFrMSA98rFJWQ,JpxvhbgNcWnhcWejL,eLvdMtYRXNSbMpM2L,AmrQ57jMY6BtxfCkA,2nPtYxvdufMj5Xyi3,zzQJBqvodvRfqKJjj,jpsKbGA9CKepyiRTP,dGfaBDbdqxMLaMSsQ,ZMakv6vNx6xMZeANw,aMbWu4vYLhW7rEp7h,7ZuTRqGBSWgv5RoEm,zKbH3v3m72bGs9SiC,uqd6TLZPdzNHczdAJ,W5c5BiyiyxeSsdii4,XLadEJjujTwFe3oHT,NzSL4zEAn2WMNSR2E,f5qkrc5T26E7iXJWF,4jwtzKuxHPMDgBntG,haptojnGWQaC8tquR,PSLmcB7nYy5APP9Cm,ayBtyNbNKZLEN3LXx,vkHa26c3HjZAxYDnL,LESd8JNvgAxGoquCJ","GPAcbtofRTpAmTQCY,irzamE7DkmYQqe7FJ",jYNfwXxm5JRJnkBux,2022-04-13T19:02:17Z,false,"{""GPAcbtofRTpAmTQCY"":""p1"",""irzamE7DkmYQqe7FJ"":""p2""}"
35QGosrH9tG2tRKLR,2022-04-13T19:19:30Z,35QGosrH9tG2tRKLR,ttbogRzNsNbP7GfYM,"m3TY8pL6TuJb3hcLG,kei4ePNp3NxSgKqRu,6gW2wJ8MbginYHfcK,E2zMJgZy3M3SSnMin,wasMtDzNmYWjGuJJd,NAjXMtHTynPJ7xhMf,YrPwFbdXTQE9ckr6h,gLmMCfyLjx4QLyxYP,SNwfAMQ9HSvHaufdp,ZRgBtZWd7X3j272GM,XTsotQdb3T5MxLKw7,reuQRfSbR9fH3xBkP,Mdmhrz44gq5fgkntD,RgDpkuCyshz5d69go,5c7QzndawLA2Cjp8e,AD8nZ7f8gkePTzz8x,uxpHW6xoz6weXHLG6,3Nmzq9vHtBpSjhYju,2TgWjtmfGJNZR64vN,ykDwhE77PBjhBf8RY,DyNXQNgGwtFGp5SXT,kLD7zFjPivFrEtghp,yKxpTg462xBnxWPPW,RLDiCXwpAGGYYYfwu,ojjXjuDkqPquDLDvJ,y9FuJtsQvKC8R87HP,TA4SQgProS3mHw7fF,jqDQatygGPWswWuMF,RMKNNPudsc4tSv7Kp,qtzgWj6RZEADXXouP,LxYbHPXhrqC2Rx5JC,jGDR7PSukgsFQ4nMu,uNXxkRcQ7LPZEDrgJ,KeQb775e6M26oRSWj,ZE89crs2mEoAKALGg,kb3eswoafBJgE8xDZ,hBsfuEzxdjXboGDnR,AkQmFu5uHF5PTTkzm,gvtPYgHDAW2Mst886,FQhkourMickGPtBPo,AK4e6Yv28kaAd6qHc","RBbiYyyeroFpn59Wx,kCJuhWGgHaTMW6Ta6",XhcRxqwiEDuFLEzHM,2022-04-13T19:05:03Z,false,"{""kCJuhWGgHaTMW6Ta6"":""p1"",""RBbiYyyeroFpn59Wx"":""p2""}"
JKYjZwE2tuL6os3X8,2022-04-13T19:40:38Z,JKYjZwE2tuL6os3X8,ttbogRzNsNbP7GfYM,"kq2YPmXmFYSgwW2WR,2i5S278zCakihFDnx,ekyoaEFSAH9uq2enE,a2b7DLRZQEXo2PvGo,7vpu8L7h5jsCw2asQ,k7iQ2EZjBCzAPE9yi,KET4rGSr9DwifAoGJ,453viLEnZ2WwnFgFP,AwNFvF8WNWAcY7BqQ,yG5MwS3jRsZFe3EXG,9t8EajnmfByPMy8KH,vEctkANScxoiH6qdt,4wmWGzNDhNWJeaf8c,WGxPjQveM9T3TK8Pg,jCqk5wcpTLKmur5nT,EuTAvjCwHWmPu32ms,DXLkuX8WfLetPojoF,RGEnbak3QyT8GoWn9,JCaDMmx6inbxkt5Fu,fGfRKoX82cSypmH3B,iS3ZF63Hb2h96FF2D,wE9YbBLwdYjpBm5db,ZAH83rodRH4CK8F5N,XatEpT7DPYT8P2MtX,LQje9CApd9EuFik7B,yRiZ6HudFfB2Yiork,DAQjekPxGNjTGfSND,cZ7XMjQ6NYAR2sMzy,BKWvtpvKeSNLHJG2i,T8qQ78C3p2JnXszJm,8KdfNEuDNdsyjFnfy,kmea9FQ2w42GYYWvN,TdWPSg6ELLAGZyMh9,NXNRiE85KsmNtSABx,8TXck9nYZvnCefTuo,T9DbZv5AHa3kAMHSt,PZbqDytoZprwAejab,nNar4uANK6ry4FLEr,qxpokJzu59zmzXk3j,NQeEBNpBy3tZxh7zq,83bWPbactFiYhcnQp","dyk5nGerhjXRK4g2B,n4ChvMhYJZYkX75v2",EpS9RYGCu92vbKZdz,2022-04-13T19:28:47Z,false,"{""dyk5nGerhjXRK4g2B"":""p1"",""n4ChvMhYJZYkX75v2"":""p2""}"
28gpsKovaqqa7NHhA,2022-04-13T19:55:37Z,28gpsKovaqqa7NHhA,umFYJ9cEhRLLvpf3L,"vwgRq5QHJk23csS22,bvuw2cfPuihBTE79b,k7MyvFM4vb9DykDsC,v4fF7ZfyieNC36YoD,hCTBas4KcNr7A9kxJ,eMD9nDcYzXYcNSxiG,2bNbQtTnPsy2XJT9e,wSTAQnARamrYr8hfq,sCpNeZnaKcaTcHEcS,WnXtXxWYpjzweyQJR,sQQtSpmd6xDib6rCt,GHLTAP62yqM28uEkG,DsErTZFKJdNc44Ps2,F3g8DthuaAoQZKfYM,xyLcSRNDW4pvc3A4D,3x7fgBcDmBPfYDxmu,sb29hJ6TsKghqkRhg,vtbiPfLaxKRZ9j9ug,KhqKwjgN7Qu93NzW6,osPY6Wrvvh8AfnX4v,nBS8rS9qNCxyN4nHj,ffMstR9TSYZ669Z37,5iZL5fbLARNtJBmeW,wpgvwqQoE4hwWgbbu,jM8KyYFkjP5X9ugue,iF3hNJPiKhdJE4zpR,q2jiAbSLwJ772mNqD,EGkz6XrixRJ4iz6ys,J9A7CLaWN9H9dcbQj,WHPHg2XuJZZ7fnj4u,J4s4j4Thej3D3g6nr,377ZFEtwQmW7P9nXK,TxakPwE7PWZnHgZNG,6dsYSwNhaTK6hnt46,ePiwjuvwt6ybxWMbn,dW48oY3QfJpzX2M6v,hfG6GDCjaSLqmkaxT,ZXgA82anbGNM2ijAk,EzYWh8cPmbNqCjA4o,ySXaerTDACkJtyf94,juDiesKs5ZcTbPKzZ","2j7h5mLfWE3sjBjNf,eWX688WobPQRZNmFy",9vhdQiPxFDtx6EBZF,2022-04-13T19:46:56Z,false,"{""eWX688WobPQRZNmFy"":""p1"",""2j7h5mLfWE3sjBjNf"":""p2""}"
wzTGFHtua5w9fw5YL,2022-04-13T20:07:04Z,wzTGFHtua5w9fw5YL,umFYJ9cEhRLLvpf3L,"m3Xs2vi4nYJYi9m2J,sbWDjpzpvq5bDcvBt,kzMHTrmdjBdT8bNjG,sqoX7aNKqi4cg5nmN,fsRScxqap9Cq7Xb9r,qRvxmb9Q5N9wte3vh,SdgAjb53qD9uDu8JJ,GuDCrtfbQqEmpeNWf,ePEZyJz4S4LghmMcS,44dfmSDP5pjeSY2c3,ZEpajrheLihFDwXv2,pBKfnvMendMhXkehT,39YjrMA5A4CwRgvWm,xmGpN3Rrm6obwoxNG,cop32r5X92sQpw9rw,7c6x3vLTfYde5EXF3,Hi6JunYqJWmwaLGHZ,uA77CCRnfT4HCjBLo,bKHjHKEdo5CpDKwTM,eDbq4pXmSeyozczmu,bsYeKbQNNgKpofGvC,y2qA9XjLDKKceksHJ,XYBSWocyABpN5P8oi,v9hEy3sCrQsPeTqLA,W32Msh6S4bh5pvbb3,L5isQN4xo8KKEu2Ev,WhqtA3qQryeH6aTPm,WAot2ntMugQr4q6qs,dEzjA8tWfDrcinsCd,KeQPpGvo8FyNTG7WQ,jFJwxeXDaJ8DXzDmg,mqJKS9B7EjqR3gWmf,wbnMEGj78rhibtgvs,FCgRDgBndx6uuimwF,M9uNYZDMvatP9de3s,DwRCFjKdZ8pH6dfJd,ZpDhR9GMArWg5FbpN,WjwkRdF42Hvz5d7qH,ec9f4ZfRA8vzXguYu,74jJnKgjTaBAY2nMb,fpm8KWzSKpJZy5SoE","ZbMRfSKFMv6nWvefB,qQE4sqoNsaP2LT6Fk",RqPioLWd9CxhcdpfA,2022-04-13T19:47:05Z,false,"{""ZbMRfSKFMv6nWvefB"":""p1"",""qQE4sqoNsaP2LT6Fk"":""p2""}"
zpWySw7EmhsnmLSP2,2022-04-13T20:08:18Z,zpWySw7EmhsnmLSP2,umFYJ9cEhRLLvpf3L,"hohm6CFYwKhWQce2R,ddaci5R23Jbp7DcAG,5H7xogowSkKL76ZhT,4jt5EmywcXrkN3FA4,yGguHn7bPKqiyHr8s,A6xqFiieCxkh7WZDf,hw9qjQyi3Cqo9fhwX,GjPH5AhdyWgfhsrTg,jMjbf8jZ5QRsdiMPR,WummP3fhksCahQ9Lb,Ha3uvZhvDFZ8jvTH4,hfKfeqc74GY2B2ZAY,y8fwqNScp9P2CFiTX,6e9nKKAELrTJZ4oNe,4LvAedESf9ESYbqhx,sv9t4beoHg83gWmvp,KiQXSxLxg25jkGA74,omWXiPDoXsokx3LsY,Qc7eQdoJBEt294Pzw,aW8uanT7HLdAzxGPT,rhPRaNpCfPjzr9WsR,iQwaJRmYTCH62inNX,dsYTzSGRMQYF55PSD,c5C2MKGoo6mHtB3Po,Ym2JbWPjMjToP7s7J,aTrZQEo4Rpnc7KvNP,msn5Gw46pbZ9ZewmD,vzdHh4GkG3kzxJj6A,xkQ648fxTYnzTX2tQ,MsDoWHY7JjZ2D4E7z,GmRSpiPQ786qF9fLY,FHxxPwd7xQsc9B2sA,vix9NG2DYPosJ4CFr,2umXLDdaamEPdgm2e,C65cxhwEc8bpPMx6P,LdwZcuNqB5LD9E6Md,mKiaytYcHaMekaiv7,iNx56bv5awg7XLbzY,GTFJBPifH3C6oNpnn,cvH9xNPutx2KaSgTf,Pgd5SzDCfHifueizx","sGYvAG42zk82XcJNJ,uYDcKYQZrzeYvzTRr",aAGppMtTaLbtmginp,2022-04-13T19:47:08Z,false,"{""uYDcKYQZrzeYvzTRr"":""p1"",""sGYvAG42zk82XcJNJ"":""p2""}"
YoRMZZepiJdWoqFZS,2022-04-13T19:57:32Z,YoRMZZepiJdWoqFZS,umFYJ9cEhRLLvpf3L,"T4bBYe7ebnPK7DQbD,R2s7cXjMp7uZEKBcw,NrfPJWsdgYHFWGcJ4,d8nnMtwz5kmCMxLS9,rQd77J6fpsYw4jDx3,a9FGLiRxtCcxcdoRH,DEZKgqPc4LLHMyTBD,SCwHDyyXxR5vd2kQg,tTjo77hKuWYcXZmma,rvCnjd8rehNqzwMxZ,muHW3Se4xHsAstwsn,Kjv7vvJHimgwLbekv,jvLCFfoYe65c9opya,PjSxotKSgikavNc8B,375ftPmdYyKYAuXR5,QbxfR7JymkLvhRhBZ,ZeqBkD4WM9xzsBCw4,Hapkxsd9wXqndLD3D,wmLAdH5kYvCbqxSJf,2rkPHBREiz7GMm4aA,Fys3r2cbF4NQNnBHm,2yz4ZH6YEKScfnrSj,8XtSb3HhMsZg4AdrK,zjT2KFhLoB2DmdRaS,CNi3dG2JBwN8ZaKPy,hyXFv8jcaM5wxvecW,JKCpiGsf2bXZWdwqi,qMiWb6LCtgN89RKqb,p4PD9BeHWw6mXD5qy,hE6u4utWYbZ68PrCm,RJJHDdrtk2eYX2YAn,pAa6epchHmpJsQSH4,47Y7rviBeRfN9y8zM,2STbhNM4WJqcGuFcq,z8TM2EYD7D8yitGXb,oQkZBeTmHWdexgFj4,mDKKvgma2EyBpWajc,6KJXHS3tbdXoM6YDA,E2hdqStJLhceMT3Zp,Y2GZngz6sFGmKtw68,SnQhzizYzC97Juhj2","EtXSon9t3WpD5YNKK,XEZkySXxJxmWcmZ6z",K3dWHoS6kA4vSEv4Y,2022-04-13T19:47:13Z,false,"{""XEZkySXxJxmWcmZ6z"":""p1"",""EtXSon9t3WpD5YNKK"":""p2""}"
hDHJKJfeu4vJs4ivc,2022-04-13T20:11:14Z,hDHJKJfeu4vJs4ivc,umFYJ9cEhRLLvpf3L,"taNkvqWd6coywaGv2,EGmwLDcwArtP6xzCa,euRW4c28r67PHt9uf,pvejpKZBbwaB3wvMS,hPmfSjS5LAdrmGHMZ,LP5beyJcrwhho2nJy,WMS9FStoB9gYsKMWb,5HKuPY2zrhAQnbfm8,sBb9D8dJsqamze6EQ,GptsZet4vugWSkACG,cBDMy7Jj9ZZ2gykPQ,TMtxCL5SZGLXmhveJ,rMgrA9FYDrPciKfhj,FeqBxJuvwo89KuJoT,SNiQenPESuC4Se9iJ,dG3rg8zw3SLFnJoSk,8Fykx3zDpGFwvNizv,7Z8N53LA2AcZTwnMC,ee9Aai38vh3NvGmpH,JBjoNv76gFi5ngAYS,uebYRmhTqJEBDaqgL,kmJeCQdbXEABnkWxC,Q2WZMw6HPoxiDL46J,tLENZkNhXjD9cnGjg,8st9zEa9Sf6hjD9s4,k77Cc3H8fu2oy9p6e,xzfwQzebLTLMxfoKk,fzKiQh4h3WxFmXBSY,QBk63QBEt4L4Em6ar,D29vinTJeiiy6PAJh,RMecZ3bhMAn6Jojdv,kP5ipkoN4BMN2LJNH,Ay78irY7ABPuCjeHn,oqaZ75zqQ5gEncCf5,XTqdQMdW8ofYAyGBc,mjyy5G4mLp8KJMXsF,YLFjSo2Z5tKpx9fr3,uwqa5eG9JvW24yM9P,XJqPf32hPYrjv33Xz,7vXruijN5oB54ByRJ,PifAET9GJXaNeaRwX","FEhMcrMKMf9yESpQ7,ygvrgu9bDiEBhE7Mq",xBkHsqqSN8aPJn8jt,2022-04-13T19:47:17Z,false,"{""ygvrgu9bDiEBhE7Mq"":""p1"",""FEhMcrMKMf9yESpQ7"":""p2""}"
aC2xKKrxFRmQgbexc,2022-04-13T19:59:53Z,aC2xKKrxFRmQgbexc,umFYJ9cEhRLLvpf3L,"2d8bdcNS29QZYQp7H,GKAtDumCThbE6cTcN,Bs2AWC7uuq6PsL6QL,cdrx7eDL6roXCuRAM,FRRBZ8GFeYvCnE6nd,Qur4WFRXTJN4kDowo,yRY2asLwxascm2JNw,zRaG9fLjBgckdatvw,CNkWHRSihkRaMvtQx,LSxhcyFDZCLrFfqta,BLyWnE2md6GJkn8oC,W6TgG8ssGzs2ji4hK,K7Pjqpqn58R76YcGZ,7zqD5tbnDMSpgGtLR,oDFCm2bQbG9mSMZm7,rgW8bYuxoMAiFRZLu,fomJ79FR2oLYefpnm,5SDSakcLnZChCYnkN,DsHoaiXK8gQfukpqi,RcGZ2ZCgJmrLNWaf4,HmrA32MpwWdFCE3gb,ktBNf4BGJ529FoHCy,noXqNi5iMYaYH7HdE,DoTk9QZ8cgpqitAzk,CBbuJzk5ccjQ3j3iC,nrDyERqfTymQifwvb,K48Fh4FtcKFah2shD,fFSvgjysHyjMx8aFm,qHqngKCn72WPjdpzM,qGiCf6ofdKu3bcoGB,hvWWZYsZtNYyQfLH6,sGw9NTGwozkBrufwr,t3jCyA7pJH4WMn9BG,viFTL93EiSF5x6iNA,pT4CS4pWu8Lbbdooa,p9QrxSgduWqFSKbR8,T3fD6jDZPNAJhiaCp,42FBaJjDXgkdHpxrF,J7KLyx8LYJqB5RWiK,M47QMJpScoqgt5Mtw,7GbRLaJpnk4Yqmn5r","5DAZwiAfCvFD9tWfL,NCZzHkXx2wt68SPy6",wafLoEagzoNej6w3g,2022-04-13T19:47:37Z,false,"{""5DAZwiAfCvFD9tWfL"":""p1"",""NCZzHkXx2wt68SPy6"":""p2""}"
CAt4SbAbFssD4yeZe,2022-04-13T20:02:01Z,CAt4SbAbFssD4yeZe,umFYJ9cEhRLLvpf3L,"A8DRCsLbDxamrJx2K,XmtHkuLsTBMhtTmDj,9ddbLnFx6yNGD8zrG,CdnFy5NDzEZ8d8aeN,QBtNYyqudNShw9hYj,fqghy7tpPGBTmLzKC,YFrCspfEkMfYeiZYj,tQWru6N9P3KHFFrbs,iRnAnM86WRxW862ch,a8mcdWHc3hRvoqxXb,7ZGGS5YuCMaTfc9Wh,W3YYZxGTnTbhnLKcx,xPzqxcL5ieSL8KSuz,2gzCSJ4gRA73jvwbJ,x25Xp5Fpjmfe3T7Gv,Z5zkQzDg2ewWCZPcc,RLyoNsNH55JvsZfq4,6noxsmpCH2RRpT9Rp,ibWsg6jYDHCnttBZh,9YEm2WJTKpkyGPv8h,F3bXNGy2ncbr456op,N5ToxBaCwHRMwGakT,G59scyDm5a83CRgzC,2yfsaT9sGipKtQM9M,JcWqycm2o4QHPzLM7,dxQd52dTxvoqQNL89,K7T6rx8pcvrJo2e9P,aCYwQfRB8xsdgC3zu,JdzKjd3XWimy5FS57,KSkncf3PR6jq2Q7Xo,oMH3yx8LKNNq3wgPC,Jrb7dhmxxmTgNx49G,LbTMsw9x7YhJDuBJg,N5ErqwZo3Wcp7xTYf,8r78hBkDjRfwmwJM9,cGdCm4YPLmELASfF4,GfmhcG4EsPeXXSRmJ,MHfXCmnzmXrpHKPtA,veXMB29SJ5N9bNmvm,H87cETy5ZpPrC27Xo,fAHfgsc7ovsNgzG3q","PSqG8bLkzkAm7LRE3,RitvyqtBCW8kmE7pk",FjWtHCFgc7n2hq4Ey,2022-04-13T19:47:42Z,false,"{""RitvyqtBCW8kmE7pk"":""p1"",""PSqG8bLkzkAm7LRE3"":""p2""}"
2AcsNKGY745GXwYDo,2022-04-13T20:08:21Z,2AcsNKGY745GXwYDo,umFYJ9cEhRLLvpf3L,"tbLpH8fxkF3pjrFsk,Z39RfcGdqQachP42n,25QnRd7Rh6qGzbbcL,REN3fujCWKcMfEZ5N,WtSHbreRne2566G2m,ckyAKEYchaGqWEaZJ,7ujGYTzk3C2P7BGNa,76eEqsQ3Cwr9A3NtT,LGiT7hnFhsZR5yMS6,dFznpTJsfNxu7vy6Y,Ecszfo7miMy2Axftz,A6SiApFv7XjY2osWL,xQnZqzDB6DZY8krvj,KbzzBEsTGA9PrgBEH,nYYtPnWtHrN7dXYfH,EaEJCYbXCtJd2j7Gq,KarJ5PSskBsoKTTBt,kudW7wsHYxSpHiepE,HqX5ydceyYfJxPzJf,ofthdeZJHsjQozNB2,pDvWg52DcA6nEFivZ,CyXZrJfbfYv6i9Fa5,8h8vaSigCK8j8SYWF,D9giNYXpQYjvwTnqo,7oZEtm3heqjhCEN8v,oSeRKm3CS4eY8qFZP,KsLKBAcYzLBTFgoP7,n3xFtJ49a8LbTzqzF,5K5uyJ23YnhLFpRf5,KYQa44tyrGweHAtCW,RGab7SqqpRRKGaTCZ,DNvtgeBAQh729uQH3,zcX4S7TkYjSM2ZBuT,7Gktj3wdCACXXDwiP,MZCJS8zQYnpo2Shrb,8etX6AEMTgSpccSb5,Dj6JqddqD3juXNGgx,XzfsA6cW7aLRQMJxK,c454XbMgHoNhWsmpa,q8JAJ83db4DddgXy9,Y93JResaGM9223Des","GFu9eP6EynLvc9F4s,skHXGizFD73JYeE67",bCdwDfeJb4J2bxPvc,2022-04-13T19:47:45Z,false,"{""GFu9eP6EynLvc9F4s"":""p1"",""skHXGizFD73JYeE67"":""p2""}"
A8h9siipsoCzYpMHt,2022-04-13T19:51:26Z,A8h9siipsoCzYpMHt,umFYJ9cEhRLLvpf3L,"qartTqzPr9KhWzXFb,5bCuKpayYNhbFkKAM,ng6Ds2zkeikHf57kp,sMJDavSseMxSWwD85,Sr6THLXRnXjd5PpAL,tBzJCfiBD6EsBxFaF,ngFEhRN7qjhJ26DFQ,LMz47g8toMH9E4N43,oTi5Moz9SE3DT4Wmj,pn4mZQkAxGv6jQCSP,Au6Hcb77hw8fTQfFw,6BuQwxH2eyghvsBKP,ezL9MWHmmn3uq62f7,nScXdenakjqZysYEz,R4z8wNiKQ66eHHoPf,Gh4kERXGmvSKBavgg,uaY4t9xLwM3QRrjxg,CpmSmSmR3wxq2iCF2,kWDqDtEJEb3K3PFwq,8pA56KZxpHWxvJ8Y6,gfdfMEfWcLGz9X4Fb,MfN2X57Lur7rzhxFm,qAcLd6fQn4E4QzAQp,MnGgJgdwLS2Mh4zHw,hCQSa53uyWDgJzcAx,9uGmcvDXaHen8fKrX,GeCu789mRpRCEq8Ek,e267oJv3bwb4ZsEDN,wib5udvnBSodYCQp6,uNwFR839Po2vJDZcf,XB66dTXbD5fRr9Mmm,2Ga8suDZSxdCLAKTo,ZguNdMtq7cGMWCYKC,xyaf9YMx2sNbQHJzk,xSz4zTk3ZD5jdxKqL,Xzq7ETfKCqMPpmDKJ,GF87D7zCXAHFpsSPS,Xxf8mkENeZzXAFxWT,ZWhT3FZq4pYDQENsW,gcHs4fj3tM56srAD8,KAh3WebWd5mdTjigt","WMgB6a8GtTKqzQCDr,mX4KA8u4mGFZmE6m9",6fdRaxcsMehT2ZS2H,2022-04-13T19:47:55Z,false,"{""WMgB6a8GtTKqzQCDr"":""p1"",""mX4KA8u4mGFZmE6m9"":""p2""}"
ztMmcinZFMbi2WGmi,2022-04-13T20:01:58Z,ztMmcinZFMbi2WGmi,umFYJ9cEhRLLvpf3L,"r8PB2LnC3xmjzCML9,GTAMGEanBnyEXX4FJ,DJ7wSkSeThXa7xPik,udDvX6GCXr4NKKeST,n6HvrsaqJMDjzDHES,jRwh44J8NEBLBnz2y,wijMbtDfhEmvonSa2,5Mr8a87YZWGG48tSp,ByvxBXqeyBKzWw4wF,c9f2WgrGEDxanyQvZ,ivzFprC2FruqvPsQJ,BGjHsHAbQm5sQ4THv,sXYyKcjDL2yDufttq,okpKHWRJrRTTePydK,HQGiXBmYwWdnEhibq,FXTchX8kxvSoqPK9o,fitjwTN8WbAoBvGt3,vX6aqarr985vB3EDQ,oYRhep6N3jzZLh46W,2b47fj8y8wTCivR9A,NQSZm8q7EBxbnEk9A,8ZuaFNcwxYXfAszuZ,zs4rp3gAqf3MWj8Hh,f8ZPvv4awwi9aSuFw,qToKmmGSr5AvDedt4,sv6HdacrzFBrhQouz,DXGExceW5SpKYuWC2,EcJb9bfW4jszM6yts,MjpGjHA7H8YM6tEJF,3Xtav6Paipf3GSTkN,JtpEA3yHeHYtDCi9v,3ju6fSBQg7bLt6Wzc,LcH8Rn5bQ7cBRSwa2,J4D44qfuY7bdY5f7b,2QvmTEzonP4oyh8Fy,EvXdeexwLQrshx9WX,XTZgvhKsELJuKLvYK,7S8bBbiYbqymbt2mT,qgFxuTj2ggwxhGmNc,bYq8eHe5GR7ftE5Nw,f3QhfnYZSjHRcQove","DaCDCmLNGcqxqe8DM,jHHqGBzL58GCD5X7y",d7ZnBnmtpgivkA6zL,2022-04-13T19:47:58Z,false,"{""jHHqGBzL58GCD5X7y"":""p1"",""DaCDCmLNGcqxqe8DM"":""p2""}"
BH2W2Z6jgQpPEf3ki,2022-04-13T20:11:13Z,BH2W2Z6jgQpPEf3ki,umFYJ9cEhRLLvpf3L,"DG4Z5Tx6ykbtqj5mA,BhefWbHAtSwpofKxe,2YPJSeqEkrBnDSBGY,7N7QWbPAmhb2Peo4B,9JmSY74MkxN2fjT2e,tQcBiDPMQncDrefvy,cenckdEaaBF6apnzQ,bRsJtC4c3uTEnqYdF,2dL6uji7ZCEeeaZTd,nrMaeBB5zGeadsaPz,XaGhrqGJxhYAPxmBE,dWzc9wB8M8ndWX4A6,fkoTZm5fpk6afHEgQ,ftEiqhgHCgGFsT6TZ,AgqFRg3a7CbXw5yRh,jFKJyzMKK7Zwc3t3W,aFie2gwkvPAmwAn2y,afCHZJqZSc8H72Jpc,jkJZbkgQfe6bqsZAF,8Hww3ogf484P3qLHF,JLCoF2uFr7sRSMw4t,ZNSZbiYn66QzYZ3oe,uGQETc3NNYvZyWqRB,ef9goBXaPWktNu2ED,BmrqjMNJLqowDnAT3,QTr588QaxMJyDrHe4,iCSRSpDR6iGWJnSYn,t6BBmY2ytxBxT9Ykf,7ogtQ8CbFEnC7bGL7,pxp6rz2YxMzwzLWMx,LPqBa2AwXhRgxY63o,JoHcgMdu9itAyJRMd,JL2aSANq2DAnCcDjr,5uWxKw85HtMHY8XwL,av5MH2p7KAFhc2iFF,AfBX7zoTpsdzZgyWN,DnMFQyoF78ubRe5je,nzkDGDyz3gWGJEyfb,f9ZnkPR3WPpeEPnxq,K2r8Rf2Jzezuf3e47,3BAKKXHqt4p3EThj3","HfcvP4maMdd9KkEiT,S9FBTEevnKuCHkmEG",Dmfs4ibDY9sYnF7N8,2022-04-13T19:48:34Z,false,"{""S9FBTEevnKuCHkmEG"":""p1"",""HfcvP4maMdd9KkEiT"":""p2""}"
Xbb6FxnMHHaSmtct9,2022-04-13T20:05:06Z,Xbb6FxnMHHaSmtct9,umFYJ9cEhRLLvpf3L,"6d5WhAtEekzR9skSu,YZedF2BpdDydkYA8e,XNRsKSyo8Q4h46Mn7,xdMmkCB7owS78uD7w,oomiKHNJsKTDLyfXW,KxoCj2xo282chRov7,8nZFssWXeaCPhzLkA,XCioHuP6EQJiFih73,z95hSYGMojQE5jyia,TBdrXCW253rbbSTTA,6TDWWcsaBqM95xMzw,rR7qLxR2azZDJPfqb,Dto58WdKXsh7wSJXP,jZxKPbFDpv2eyiE9n,XCKhnL6bukvdEehG4,tSm6rZZDFeMFqTqMv,Fdq9v95JTNnDYpbo3,QmwtTpZdur8BMkEth,kN5CEDBXHmGehEL4Z,ysTaK7t6xXEJCfmMA,nMcYd73FNEQQen7fP,4xSCFxFNCTJZEKcYd,FKhqbgRwgW6ajbkbG,AuxgyN5p5JyQoCWEa,poobip3TCWvfgoLkR,hH98ZzBFY98HtYijY,2n9GcQoqwM8N6JoSZ,6DL4eqGp9nqBYEGAD,9BwrWgDpNFQWWJTao,BmokStq4nuvK5CMPP,sujkxusrYkmKMp9ds,NyfKWYrMhxJ5xw3iY,j4vC5voyWJjnRjaaw,j6mzFXe3zCYN7gWeR,SFDq9NgbQfoihBJFG,9FdTKcjqEqzHvcsu5,aPSwmggeRQidKQwdC,BMQauc3WhT48BwjHR,MEtsmMgt8AE7XyK6H,RB5vRvkh4s7TF4uMh,PoQLAofyQmvCybPnD","GJ68eFvSFadyukguG,RuqLYCaRyDgNnfhZy",XTECryEJGxF7WZvyB,2022-04-13T19:48:46Z,false,"{""GJ68eFvSFadyukguG"":""p1"",""RuqLYCaRyDgNnfhZy"":""p2""}"
pyPLyHBydzsPegb3t,2022-04-13T19:58:26Z,pyPLyHBydzsPegb3t,umFYJ9cEhRLLvpf3L,"QDooc4io7zm8QwKSr,mTRTyvp8f5GkTaDe6,KW3qBmPiFdJCLRzdo,3FeiGvaLBpc98ktsG,6QAexyuqKvWjj7CKz,FcjpQ7wEBbH3jydoP,GAX86vDqXEAMf4Z5s,S5CqYDnrDufFmmNwd,DE2N632Rsysf6Hx8A,jfjmbADwNPZjTQqog,ijE9xGkqy66viKZyT,rHB7MK96wWKMAgJSL,4JgKFDRfb2bWaTZCj,XFnADwugSFF9PsosH,tCmHXE3eh8RbiDSSD,p5ke4QSoCegcAFnuY,qPJRmokMNSKDEmGqX,TLjt3FqCMq5ynMrXZ,Fwf9AxPk2kHT9TLMY,F5D9AG75DxNGtsh6k,NEewTq44iyCn37BMm,bXbzoFQbMjhtvaHbB,rTDDT7WtH7EbNxTeb,TtMLMPXHfDLGnCHia,2zhqXWYxSQoJjpgeC,MAT6cKo72zGoAe4K8,koe2rghvCA8wHogPa,AYm9d6Mya2zWatyzC,dtAMyTmMAq6Knk5PX,xgAvh3Xm2c8cf2L8T,TXk9obkw3JWN9L7x2,ibqDu97f8vjRDZpko,cg82Mb7HFnCb2W7WG,PNgFmogp7ExxoZDTp,fs6MnuvWXTEKqgZsE,GtQzepfMjc3ZhEMP4,zK3Fp69yy8igHCy6a,8C7xdjenEDmjSxwCc,DgBHk5wQXST85nqct,ntAbcghY2E6L7Bx73,aEBjZoiebAEESQXyP","7rF5xkLKYiWmXyTom,ZePoyah4FvoD78APs",fuHnExP2yovuSkWJG,2022-04-13T19:49:16Z,false,"{""7rF5xkLKYiWmXyTom"":""p1"",""ZePoyah4FvoD78APs"":""p2""}"
gF8qXgrvKJtX7Ywh6,2022-04-13T20:13:39Z,gF8qXgrvKJtX7Ywh6,umFYJ9cEhRLLvpf3L,"hBmkjGHRu4d8aEb9d,YbDgN4YimgXs33XvT,toW7xdQTMqSbzuES9,yvSgYLp7y7XWa8m2i,pFowYwA2fzjMSHLPb,aHMYqNFZ6Tvn6Pv37,6J5QFSEDcamZTqpQZ,JTzapGsX86BaYvR6m,4J4A7qSnCvHa9RX6Q,GbD9Fge5ErJbiAQNF,8CATMFTCBmMn4ZYRM,hdj2ov6LZDNvKXTmt,XfXrFvRg2BznmaGyp,9Pwsetb6ikW4KA4A9,pxwaFvRzqexxtQu2d,irzQj6j5aFkNBiPxr,HKwbWZkRcSCbDJk3E,S8gTxHgL2SWJbFCrs,KpsLnt2M4rkz8q7wZ,EXkxErPoFidn3DQWf,yv3rpJXBQKpP8qhAb,dDW8tX2w4JndPzhAj,Gf6JMvhJBaHkFQDcg,JxBgnpwcwZ3jAsdjP,cmGmM3AiYz4brAzQJ,9Pu8CFc6Gocur4qHZ,mmsQFffdyPNTgGCTk,9JQQiEAABpN8qZc8z,JiHBCAgcENkehZHBk,xjrzjprJY7Yjkr2uS,cQZ3CjvdJq2QWdcdq,jiqKGXYPxwtmn4LsZ,4EDEjXGmTi8AcTR9n,TQtxZDZg4o6TDCJMR,JWef39TqGqqXcXDdH,LWk4rJtSDkNAgWjEk,7SD5xS8xwb9LqWzg8,fDGm4fQjWdcQNGhga,dRdDHvtZ85ZSerKbj,WRtXkgGkb24kC6SLf,trwgLf6tMRrycJyub","B9ucxaeaTBJsKy86i,y99CBK5mthifhbZKK",XsMXgs62HJJp6htbn,2022-04-13T19:49:39Z,false,"{""y99CBK5mthifhbZKK"":""p1"",""B9ucxaeaTBJsKy86i"":""p2""}"
NwGwad4bY98RCxYi3,2022-04-13T19:52:11Z,NwGwad4bY98RCxYi3,umFYJ9cEhRLLvpf3L,"S4GrQQyR8369vdNWL,BtciNf8dqnAM9ydWo,tS6LMdDnW46xXygWD,E7Mn59KK3GPwHAWyW,rkRFzQBzcExwezsxH,yjDvFTzYyjn2New8y,sN6ujGSrZBpzp9Hdz,xPoGPx9E7RWeRfL2N,MCtJYR7ofXJnwMcgW,YtApAYeqnN3KwTwwQ,RGg3EyLZJb4tdM9Sz,ScY5ae6AWCBitj7uX,R9BFmGgwBpF27MvQo,pcZbYuWb4ezKYZAKw,vtAakkLaee3wtZjf7,zCzTH6eBAAQgNkz4w,9EJEgYpuJEvWJpj5a,LGckczxGFep6YS5Ls,c9prcCm89EvCtzmih,K3D26tABiuQZ4rkBr,b7EnWya44QWiTCCF6,FCh8yyfKLiC3tiXPR,RhPWLSsMmQPQ5f9M8,Mn24RuJWeYHikbsEf,TMAvzadzrAcXAP8N4,fPwJN2RvSeZnnq6et,dDfdW5uiQDE6aXmDi,TRpSkpDtBX4g8P7u8,nY5JZGrkMdfqKrRwC,GwFe6iGq26hWKFq94,txAQm2BeoLB74HXEB,rPMC22Q7YvfgLXJL2,kdWuTwFwwH2bRhyHk,Widbe5nAkDsnRgXpE,TwMhkRENAY6G6Wpnd,SSBjJKibGe3XWzL5Y,4xybRbBL3KSjzxLHf,DpABbLnCFATyrsfLF,5TTLAMJWAXWhJ2otK,98ru7i4ChdTTW9QtZ,we9uJXAxGJW7bqomh","csrkoc9h6zwCTYBHX,idHGCp7buqXGpvM8W",R7Bn8BFv2jeYRAaZr,2022-04-13T19:50:01Z,false,"{""idHGCp7buqXGpvM8W"":""p1"",""csrkoc9h6zwCTYBHX"":""p2""}"
mhyYPsfYZvgwspnJP,2022-04-13T20:14:46Z,mhyYPsfYZvgwspnJP,umFYJ9cEhRLLvpf3L,"TFrckAjpEBXZGvA74,fLDLbvr7rxvb7Eq7r,q7GKBghcPMkDcf52P,fxjc79WrEiHNzmJ28,jivkKSL7ztoQPhM9P,MresZ94W7Q74jL4Jx,ECuSrmx5MThNLGbxb,KteXsiEoLd3m9eRRn,2TcNeCNeLfWzBvari,a4kDvpBcsNBmEGwLK,Qh6qXjpPFpz2PFdMX,CSoZqDTqAnECvNS37,BewS5WMTa7yiYtxQB,EcjPBb5yDfXz74niy,ftPo2BpxvfHXiykv5,wWLSAbqTpJxzipsfT,jiwjPGjqNGrD3Tf9F,atjjQLexEceZFRuhn,wr4baaEeN9k6yaS57,uQBbQvnrTTkQY4Qzf,sn2AMPyPQq3KPRqTZ,Asj2RajkjLJ8At6iG,D2C5TtgzkmfmM2H5f,WxMZhFEeocTkmeSYT,Bfa8sx2YZ4vX8Rh3i,jTdaE7Guw2H6dMdd9,6ZwMwKZxcAcmqxpca,CrZScxAqXiSvY5Ym5,DsT29imofky5eASxb,DPuEcDZWten5kGshG,Rpq89qp7PE94JFTYR,DZF8ubE8ESTihCvxC,jQgAJtu4cM4gBTn5Q,FN3gCYvAa3QTsLodm,RK78nnwADaEdagio7,zyiPBwpReyhzLEZku,ntzzPoSBciPGZLprj,tHxAQsWAveYRTyJTH,3HhZbcF4Rd4SL5Fqd,bbgSpscegsjSXpTYD,MwgZ9xgJQGSoExyM4","CndTrJ7Z76Fq69tis,jMBvEPcKSZhaDt6nb",fhnyCaW7Btdyrbzwt,2022-04-13T19:50:34Z,false,"{""CndTrJ7Z76Fq69tis"":""p1"",""jMBvEPcKSZhaDt6nb"":""p2""}"
BTRpMTFSufx5jWXb8,2022-04-13T20:07:59Z,BTRpMTFSufx5jWXb8,umFYJ9cEhRLLvpf3L,"M2mtCFXXY48ZdDQca,KdgSazwEdRoXaDouG,vCKojoTdn9GKC9G5s,RstfPcaKvCummHFAn,JBk3sozHgeGe3YTJk,fcw6xqSJZ6DdPdpyQ,s9oDdwjvEatWd4q9p,5WtuKmQjjG5TCBx8z,tvf8swWnFMQFMh7rJ,XBBnjaZvdz6LG5ozn,avDC78RaJcZmjPL6D,q7f3W7aeMR2bMga7E,oZaFki7YJMPDeieSE,DvjPbwGnACaPrGvxZ,q6pnbnjpa4wsEYqZS,g9b3Yc3DTy3P9ZnY6,dfXbpWq8f2bit8ez5,2erSNiwWyGKnjD7j7,qMRqAeo7PJXGXoegM,fZurshu6XQkyv7QH7,qCvbEY6f9YoDQfcrP,KhTvRe8uhoHCADnCK,bsTD8fZSZiu9QaLta,tCv3GktXgbXxfA7nY,tzaotHEirSfrGCMjB,RbsSuNFn3mdEfKjuc,xo9yxbR3NRPD9nHCs,fZs87My8myDYf8mCf,b3fqQg9gNs3X828MK,hvfNG5RbfA8iHDdMv,SBpdCGHNMZHAEbKDh,EEzdT6TbgGtQLAjra,pRgbFj4wLR4qMFiBy,CK6u9cbpPHh9oCZJM,WRCvN9WdY7P6YW9bs,zcFkSG3QHGnrBpStR,ZNkesduG2BsGTF58C,jccKX7ySqmnTn7ECB,8mkfduwkekngeY6Dr,87tZw5rdakC7uh5KJ,TjXDN7QjRXdH9BJZ3","cLP4E42vadnvRLMM6,tZHGcTH5pwK2kentH",jQPqW7cwDdr22DWsR,2022-04-13T19:54:52Z,false,"{""cLP4E42vadnvRLMM6"":""p1"",""tZHGcTH5pwK2kentH"":""p2""}"
ztgBrkBZrBPqWT9jx,2022-04-13T20:08:45Z,ztgBrkBZrBPqWT9jx,umFYJ9cEhRLLvpf3L,"fJrEGHs8vLbcFmumB,jmcmFRofqKKvJWtSK,qBhfTwfeKdXsdGhyL,XMhCckikTe25PqwEt,JL8zcENwyL3Hj9c6X,iFwtjS2YvHPKEzCDK,haKEjvnLP556NhMFL,PADX2rqDdid2qnfMq,y3gcdQaE7uvXDjjHu,o5iZ6aCjM8g3jmJ6f,WkYyAMYetNcLqrDGL,S3WzuzXWiAGmzC7rF,fwf9KP6yK6pi8evLT,cWPxHSAG3ffkJiuiY,cxRJBeMCPvfCdCQiA,yhSuQ4p7rQyFc6Szq,bokBybQ2LnYwG69Ef,4GZQHyaH5jyju62RX,mDmAn8Znx3f2HZhA7,ubKueT9gPoqpz93SQ,pbfiDnFtSpQqZYZXx,NsrrxQvEgah8XdcPv,uDziBXmfhmYquHZZ4,RvA5csR3wSHvNwume,ZiDR7gRg5k4HDow8P,MmQBsCZfqE3C3dYWH,TsRnCSqv5NSbQeDQj,PMS369jbjwH2e3CtE,j6u59haiidwxKmpFw,ncN4AbyTdCCo7k3dx,gpsgmDiBtcv5uDeKA,Xupa2Lwtn8B9szqqG,WSDFthrmzSyssbmeB,PbJEq96C3FDpYFibz,6ztapF4sPNXwz2gPS,oHGSokPGkfZBLB7uD,meGrEao9indKXGyd4,r7wRDLL9JqWz7Zu8j,39Z4kpyzhZHYfTNfF,kcornhLXC5JYdJcQj,yhXjZZmbLMZtgkcWs","KPgXAetLHrgtGe8zZ,nxZbwPfRFwGvBZZtp",d5R2PFcFWAepkxSoS,2022-04-13T19:58:07Z,false,"{""nxZbwPfRFwGvBZZtp"":""p1"",""KPgXAetLHrgtGe8zZ"":""p2""}"
Brahe59ijGqdi7nZK,2022-04-13T20:20:35Z,Brahe59ijGqdi7nZK,umFYJ9cEhRLLvpf3L,"edvucZu9Qw2tJfF2C,3N9MRauAoHTYzvRZ6,aHPHaJCrfhBxP8pzQ,ePYRup6Ehsx9RidHe,ocattQScTq3fX59ud,2KasFAoGgtjRmRaZf,x3PDpsHAMu8tMds5p,sHhbGJjebJBhveT2X,h4pD3yEbPjGmLCApD,JvbpFeuHve229y8cS,CtpWxRn4EpaJ4w8jt,rwak6Q3dM5YwHg9es,BQnzkT3ndjkWbxWvQ,tRawKD7wK7qDsuYKT,pG48ZYnMP4XckKu3A,WYcxkxwHiWM7Skh2D,4A2caBdFHnggv73md,mQ2XjGsT4CM8W73rT,gLfqHHauobcP9XdAZ,d3Mvnav75XPcyqt7F,JjpXuMTcuyRBqEHQh,ityPqfKNZ5Nac4mJN,r4af9AZkjSvxgfwb9,ZG6wfPCrt8vJCh25d,qRR4C2yYqBFeXwT6Z,LPpfB9NGTgh4G8Sjj,8vHkrShtB7sEbowtp,rZexuj428xipjGyQJ,wQMCwyRbaduxDTFMH,BDkyd8FXiFmZqRvxo,M6CdP7F8ergfhncgr,zeFGcmEA3cWiFMmJQ,2Eac56wLDNANPeTjt,oSo8nryEuZevJNWj9,gfNGBZ6YL5m2GSDAH,ciERfGQTgMbdduaFy,bFxtePN7bQ34JXpt5,dBZPwnDoRMGBAJPoS,emy4EGhgtBefPWfcB,55QjkBYuSbwRQigsw,snvHRzJToa5DkJXFo","Ri9keGnLpcDmpkHFb,jF5hkYSZxHSRPvn3e",aYysP7sk3FNdFnQwD,2022-04-13T19:59:30Z,false,"{""jF5hkYSZxHSRPvn3e"":""p1"",""Ri9keGnLpcDmpkHFb"":""p2""}"
